Unnamed: 0,ID,Name,Age,Email,Join Date,Salary,Department
42,3a6b1096-f7a7-4901-a31a-9db676895801,Kayla Carpenter,61.0,dcooper@adams.net,2021-06-08,82857.0,Engineering
63,6e50ff2b-ee84-4ba1-adc1-88aced745fff,Sheri Duffy,38.0,woodmadison@rice.com,2023-05-06,93430.0,Marketing
90,7edc8e0d-ef5f-4bed-88e3-f4c696dc318d,Betty Robinson,50.0,ecollier@long.com,2024-01-14,145538.0,Support
99,42ac8e8f-3ab9-4e48-b45a-e60b40962f4b,Nicholas May,58.0,morgan64@andersen-smith.com,2023-09-12,110362.0,Marketing
108,edb34b86-369f-4cd2-b4c8-dc2c6eb0ffc5,Stacy Cruz,36.0,williampearson@snyder.com,2020-02-11,118523.0,Marketing
149,61ea6e46-8cff-4847-9334-a3eda91b7fd8,Wendy Schmidt,41.0,sjohnson@chapman.info,2020-04-05,112313.0,Marketing
179,182b6c7c-2121-428a-87b9-63aac3a123ae,Kimberly Terry,54.0,christopher00@thomas-anderson.com,2024-05-26,111038.0,Engineering
183,15cfc09a-fbc9-46bc-88c0-da599fcfe12e,Donald Patton,46.0,andrea07@collins.net,2020-10-10,125069.0,Marketing
201,50e945b8-c980-4f4e-8524-9aac85af5ffa,Danielle Morton,57.0,reneeingram@park-alexander.biz,2020-12-23,66394.0,Marketing
207,7a5a224c-626a-4f21-82ad-80cc7d21fd90,John Randall,61.0,hamiltonrebecca@gonzales.com,2020-04-01,138616.0,Engineering
208,b89fb19c-d191-48a9-814c-db92cfea05f4,Cheryl Glover,63.0,jamesparker@jones.net,2022-08-06,68274.0,Support
222,6eb7529c-d337-45a3-96ec-d20ee6b69202,James Fischer,53.0,zbishop@johnson.biz,2022-04-04,40407.0,Marketing
266,042eb71e-2fc0-43e2-9f26-8c2cff0dfa74,James Dodson,41.0,nkennedy@robinson-elliott.com,2022-07-25,149906.0,Sales
286,23563741-b2b4-4b58-bdf3-13b56cb50f84,Jonathon Pena,65.0,jacqueline31@torres.net,2021-11-07,128445.0,Marketing
344,6bd079d8-275c-4132-bdd3-982423c70830,Tyler Robersonown,51.0,stanley82@stout.info,2023-09-19,93470.0,Sales
345,b1622b91-2b7c-4ec6-894d-bb541b61de3e,Kevin Williams Md,54.0,garcianicholas@hill-ali.info,2023-11-20,149457.0,Sales
352,618638a6-bd21-49c2-9b50-198a2f837dd9,Linda Mcconnell,63.0,unewman@lyons.com,2023-09-26,113827.0,Support
366,4637464a-d6be-4f32-b956-dbee3c0b58de,Christopher Williamsmeet,47.0,ojacobson@forbes-taylor.com,2020-01-10,33558.0,Marketing
376,fde6ab6e-8523-4d63-8a96-3fbb503d53c3,Grant Roachimpact,55.0,yhartman@klein.info,2023-02-21,53789.0,Sales
380,e37d9e07-f103-407c-91c9-c477be6876a5,Mary Carrillo,37.0,tchen@ingram-thornton.com,2021-10-03,60441.0,Engineering
383,2d87cca7-6097-45b3-8961-ded0c0dd6552,Tonya Cross,20.0,davidsonrebecca@morales-mcdowell.com,2023-01-21,147069.0,Engineering
385,4c683a46-1881-40e1-b90f-25ce97e3c706,Shirley Blairarrive,57.0,william03@burnett.com,2023-11-30,88933.0,Engineering
393,18b30b63-a1e1-4fa1-b308-e2264bc07670,Robert Zimmermanstreet,42.0,jessica91@hamilton.com,2022-07-12,38591.0,Sales
408,2c900a05-0dd1-4d96-847f-f07c9ed29ab5,Bradley Webb,62.0,jose82@fitzgerald.com,2021-10-16,136353.0,Marketing
426,fc605cff-2d94-45ad-abd2-fe79ebc6cd29,James Johnson,47.0,mhudson@reilly.org,2020-11-16,102191.0,Support
476,ca29c18d-e2f2-4b9b-b41a-6446901f44a0,Craig Lutz,54.0,aaron09@martin-turner.com,2022-03-19,57812.0,Engineering
477,b0a5fcf5-cfb2-4460-96c3-b0b8f51d3aa9,Samantha Smith,30.0,hsmith@lucero.org,2022-08-14,115293.0,Support
502,23cf712b-3d48-4fae-8a8a-ef05a4583d9c,Courtney Jones,55.0,chavezkaren@sanchez.com,2021-05-14,90689.0,Support
533,a2fc7f86-af52-4f95-81e8-0990f6d88b25,Michael Georgedream,59.0,jacob22@hill.com,2023-09-09,143428.0,Sales
545,98de42ae-7ab6-4be6-b384-651db4b9e726,Joseph Brown,63.0,bmurphy@knight.info,2020-09-25,57161.0,Sales
546,e1f240d4-e5f7-43cb-9bd9-57513f03f03e,Charles Bryant,32.0,snowmarcus@brewer.com,2021-03-30,36979.0,Marketing
555,86b49319-eae2-4fbd-8bb7-38626453eb0f,Robert Campbellthrough,19.0,diazebony@wagner.info,2021-01-19,80924.0,Engineering
558,14ad1e43-2f62-4d90-97df-81908268238f,Alicia Douglassense,33.0,leerobert@kelley.net,2021-06-14,133851.0,Marketing
574,dee0af40-d41e-4b0d-9f5f-5eecee2b4595,Lauren Phillips,26.0,harringtonalex@powers.org,2020-06-23,105336.0,Support
600,c0f58fee-deba-4b01-b992-eda6657fd120,Amber Mcdonald,34.0,tmurphy@gilmore.com,2020-09-23,129771.0,Marketing
611,890c489f-577a-490f-83a6-8ab46865ee10,Jeremy Delgado,60.0,canderson@hernandez.org,2022-12-31,135643.0,Support
641,e846f593-290a-4b07-9e3a-f0850f3b6ccb,Sabrina Reid,20.0,ygood@smith.com,2021-10-12,36646.0,Support
646,0ff202a5-e9d9-42b1-8a1c-b46ec8575d99,Jeffrey Medina,36.0,anthonycampbell@jennings.biz,2022-06-01,145991.0,Engineering
674,3e0e073c-b2d1-4544-9ad7-459d7341574b,Cynthia Campbell,20.0,richardsonthomas@woods.com,2021-12-17,93008.0,Sales
679,63ebc25e-d83c-4af5-8342-ff380c914163,Laura Leon,54.0,sabrina28@carroll.com,2023-01-25,36193.0,Marketing
696,0f4d2d52-e54d-4d8c-85b1-6037dc67a132,Grant Thomasunderstand,56.0,blakejulie@jackson.info,2021-03-27,62705.0,Marketing
745,1a67d494-0226-46fa-ae29-fd4d7e7d010c,Reginald Olson,18.0,lporter@williams.com,2023-06-23,91526.0,Marketing
805,0bd0adca-4849-493f-b9e9-61470fd0815a,Matthew Nichols,42.0,zwalters@johnson.com,2022-06-18,42019.0,Engineering
807,7c9389f1-7765-4726-9b96-36b82c2645b5,Michaela Bonillaattention,18.0,andersonamanda@guzman-fuller.com,2023-11-02,71502.0,Marketing
811,e1c029c0-dffc-4b66-b44e-b926df273bb8,Matthew Hall,40.0,ashley61@mcknight.com,2020-04-25,137817.0,Engineering
824,9028a490-e08e-40c4-ab15-bff6aca43830,John Mclaughlin,65.0,greenmegan@nguyen.org,2021-08-26,104095.0,Support
826,aca9fffc-354b-4477-8c4d-1544e59e596a,Amber Griffin,56.0,ihernandez@garza.org,2021-06-28,116098.0,Sales
837,639fba98-bee7-462d-946a-caf1724a5bf1,Megan Jennings,32.0,hmiller@perry-griffin.com,2021-12-17,52818.0,Engineering
842,2d37674d-5bb9-40e4-98d2-b8e6bd61437c,Carly Blair,23.0,jacquelinemorris@henderson-robbins.biz,2021-02-19,51719.0,Support
851,0129363a-9e43-4343-9b31-a9d08ddb29b6,Richard Lee,32.0,audrey89@maxwell.com,2022-07-18,148836.0,Support
856,3a0ed487-8664-4564-987e-f3da0e31b613,Brandi Griffinshort,24.0,teresa22@cruz.com,2021-01-05,59188.0,Engineering
873,2f35ab77-804a-420f-8a4a-2e2a808df4d0,Sarah Jensen,65.0,stephencox@wallace-duran.com,2023-11-24,47381.0,Support
877,fd1bc9fd-416e-4912-9f44-4fb13568c979,James Smith Phd,65.0,eric58@hughes.com,2024-04-07,98102.0,Support
881,9f9c13fe-0046-40a1-83c5-b362577520c1,Dale Leeenergy,39.0,jamie98@jacobson-moody.net,2020-12-27,102630.0,Sales
882,d3bac0da-a72b-410e-bf8d-736a76403712,Pamela White,23.0,bryanmiller@potts.info,2023-10-05,69690.0,Engineering
900,07f3a5b7-815a-4adc-bfe1-f9f9f3b7063f,Lawrence Millscongress,59.0,balvarado@brown.org,2021-06-23,37978.0,Marketing
926,0c9fd384-e2fb-4be5-8d15-ca9bc07c5a20,Kathy Bonilla,33.0,iwhitaker@brown.biz,2023-07-30,101882.0,Support
934,953f96d9-a994-4f35-a00a-ee495f2199ae,Nicholas Henderson,54.0,heather07@gray.net,2020-05-28,66776.0,Sales
942,0046a36f-075e-4ebc-81e4-f3edfcb9106c,Jimmy Dunlap,25.0,timothycunningham@martin.com,2021-08-31,32688.0,Engineering
954,8f19f94e-4a06-4513-9eb8-410d19367522,Christopher Meadows,19.0,williamselizabeth@mcintosh.com,2021-09-14,52109.0,Engineering
955,ee42e36d-5257-4e75-bdbf-d4c3bbf7c540,Sandra Davisright,49.0,samanthawalker@deleon.com,2020-04-07,78729.0,Marketing
969,590fe5f7-e0d0-480d-9611-3e6bc10a9e69,Sharon Bowen,49.0,grant74@smith-martinez.org,2020-02-29,59362.0,Sales
993,e961b57e-830f-488f-a081-4f69cbaaeda0,Krystal Roy,43.0,mary91@willis.com,2020-01-12,121558.0,Marketing
997,fa7026bb-50ea-487e-b851-fceb64fcbb5b,Timothy Little,58.0,sortiz@diaz.com,2023-02-10,140937.0,Sales
1001,d0364fb0-3b0e-4d45-afb5-9432bd9fc764,Samantha Scottseason,57.0,nlewis@carter-phillips.info,2023-11-27,115793.0,Marketing
1040,37e2bad2-98af-4613-8587-317445a6ce39,Carla Alexander,63.0,kurtchen@barron.com,2022-08-11,49981.0,Support
1044,c95a297c-fc27-4542-b40b-288b15d5a973,Corey Brown,27.0,vkim@cox.com,2021-09-08,38502.0,Engineering
1045,0dabe419-9b69-471d-bf26-04271d974d12,Alvin Quinn,18.0,mathewslarry@petty.com,2021-04-28,124859.0,Support
1048,3dc6295c-98bd-47eb-9fba-40e775e1b0b4,Erin Adams,18.0,ruthfields@pearson.com,2022-03-20,42024.0,Sales
1058,fed7e671-aec3-4939-a949-7dd1dce1b0ab,Chelsea Diaz,25.0,felicia50@barnes.com,2022-11-14,74932.0,Sales
1068,90c5df0f-9ef5-4e28-a61a-22bca14712fe,Terry Walker,33.0,vgeorge@peterson-underwood.com,2022-02-24,35905.0,Support
1074,fbe81bc1-86c2-4107-a8e2-abb4b13b2477,Michael Moran,61.0,stevenskatherine@mitchell-smith.biz,2022-06-01,131578.0,Support
1087,168a3c7f-3cad-4169-b250-2a1bed4ffddb,Kristina Evans,54.0,jacobsanders@wallace.biz,2021-07-19,94801.0,Support
1104,169e91a1-aeff-4df8-89ea-cbfe2e422f4b,Robert Colonparticular,34.0,hermanalicia@snyder.org,2020-08-19,77385.0,Marketing
1113,ca854d9e-b5f6-4d4a-a5cc-51452c038368,Timothy Barkerable,21.0,sjames@bennett-oneal.com,2020-06-24,89777.0,Engineering
1120,d1cbd81c-fe4c-4de3-8def-28012095f0b6,Christine Garcia,47.0,qbrown@horn-pearson.info,2022-02-11,58903.0,Sales
1151,3fea95f8-7a46-4a85-bc1d-c92147849733,Arthur Williams,26.0,wleonard@harris-meyer.com,2021-04-21,106448.0,Engineering
1180,20d65660-653a-4412-9c88-639250b5b580,Benjamin Daviswhite,28.0,mccarthydaniel@torres.info,2021-01-11,134713.0,Sales
1181,c26e60ca-b1fb-4e71-b6ab-c61583e1d235,Brittney Hughes,55.0,davisronald@anderson-chen.org,2023-02-25,115080.0,Marketing
1190,8715ce5f-a110-46cc-a5e9-34ad0b2c5a31,Christine Olsen,51.0,carrollraymond@sanchez.com,2021-07-27,79633.0,Engineering
1198,b2abe2b9-7a68-44f4-b5e3-596315ce648c,Rebecca Collins,46.0,bryan89@maldonado.biz,2023-05-27,78064.0,Engineering
1199,545428dc-aae0-4a08-9920-e08b80f230ea,Jaclyn Sanchez,61.0,sarah60@russell.info,2023-06-28,59253.0,Support
1201,216eb83b-4259-4064-9ff7-724725e39380,Sandra Murphysize,38.0,devinpalmer@wright.info,2021-03-04,58676.0,Marketing
1234,ca3e708b-130b-46ad-bb8b-1ba1438c0a2e,Jennifer Lee,35.0,hawkinskaren@atkinson.info,2024-04-13,120392.0,Sales
1235,03cf4e4a-cec6-4af8-ba6c-fd7b76843d91,Jordan Bates,44.0,jessica00@rush-page.info,2021-03-03,88031.0,Sales
1262,91e5d7b2-683d-48ce-bd20-3bdbfd467997,Michael Reilly,19.0,richardmartinez@livingston.net,2020-09-11,65597.0,Support
1264,0ea601bd-122b-4949-8dfb-b0152ca61de1,Debbie Hughes,49.0,udonaldson@manning-sampson.org,2020-01-15,54389.0,Marketing
1290,3738d9a0-85f7-4e87-941f-07a85d479607,Laura Torres,22.0,lisa56@wong.com,2022-01-04,61993.0,Marketing
1311,952c78f0-4dd7-4102-85cd-a36ffc074769,Cheryl Fieldsstatement,50.0,kathleenwilson@dickson.org,2023-08-17,46893.0,Sales
1335,96ac8bbb-e929-4618-9c5a-e6d0f62ab9e2,Leslie Morgan,57.0,wsloan@paul-rivera.net,2021-04-04,91902.0,Marketing
1350,8156f569-fda8-498d-bc49-c98fbe84c5f2,Samantha Miller,65.0,hamiltonlindsay@dean.com,2023-05-26,135322.0,Support
1368,ee85d9cd-62ee-4104-a161-8564b9ff1b30,Joseph Bennett,44.0,brandigarcia@coleman.com,2021-09-22,117448.0,Sales
1374,2667f269-899f-42b0-8b96-1670e2e7b1b9,George Lewis,23.0,ellisdavid@moore-fisher.biz,2020-07-26,131955.0,Marketing
1387,c06b6a66-00fe-4540-9278-4bc128464eff,Victoria Simpson,60.0,gfranklin@cole-olson.com,2022-12-11,99637.0,Support
1394,dd8a1218-3b66-4e76-898e-9e640aca7aa7,Benjamin Flores,28.0,oconnorkristy@hughes.com,2020-06-08,144699.0,Support
1416,2c5d3efa-cd46-4376-9345-a6949b3f3c1c,Tony Martinezalmost,43.0,carrie63@brown-gray.org,2023-10-04,55467.0,Sales
1422,320bc188-c215-47ca-9393-b71fd942a3c0,Benjamin Baker,57.0,dmaddox@perez.com,2022-03-01,124812.0,Marketing
1425,f861189a-c35b-42e5-9cd8-532b4facffb1,Theresa Todd,24.0,gerald04@collins.biz,2022-11-13,52899.0,Engineering
1436,5471923f-6d84-4972-a518-95b004e360a1,Anthony Bryant,44.0,achambers@kennedy.com,2021-02-21,59155.0,Sales
1467,1f5a2468-9500-449b-a0a1-2be7b7f3ac74,Amy Anderson,20.0,cruzandrew@valencia-sanchez.com,2023-05-04,73853.0,Marketing
1474,3b77abc0-04b9-4d3e-bc57-6a87a035297a,Norma Huerta Phd,54.0,danielanderson@morse.net,2023-11-24,72112.0,Support
1477,e06072b2-ef8f-4e25-a358-aa884393aa59,Richard Thompsonwest,25.0,christopher19@brock.org,2021-08-19,138446.0,Engineering
1492,a6d3fa6d-58a2-46a1-8909-f0108fe6034e,James Underwood,53.0,choireginald@gomez-ramirez.com,2021-06-13,79431.0,Engineering
1515,827beb99-4ecc-4f7f-b062-2c6c82de1de6,Justin Johnson,30.0,dcooper@ward.com,2023-07-18,98952.0,Sales
1517,cc337f5a-bb44-47db-97e8-3ba6cd4fd276,Thomas Mitchell,26.0,ortizbrian@alvarez-williams.info,2020-12-07,55925.0,Support
1533,9fe5ef56-c4ed-4d42-b240-7b3c47ba0c1b,Edward Cabreraconcern,30.0,gregorytrevino@nolan-wilkins.com,2023-02-17,83842.0,Support
1534,8fc3a188-beaa-49a5-8f51-c359f72ee18b,Adam Bestgroup,18.0,jacqueline40@melendez.com,2023-08-30,53983.0,Engineering
1545,9aa1c3f2-6f26-49f8-b19e-b5dde08474bc,Jennifer Burton,43.0,wvalencia@tucker.org,2023-01-31,92049.0,Sales
1581,14291288-70b8-4a4a-9968-100b1ae1e132,Mark Dennis,38.0,emily89@morgan.com,2021-08-05,33683.0,Engineering
1582,ed55a85c-0848-425e-b809-a794d5ce763d,Marcus Aguilar,47.0,ericarandolph@jones-walker.com,2020-10-13,94599.0,Marketing
1583,676e5933-5823-407f-997f-ee5a9f5d8d10,Darrell Neal,33.0,robinsonrita@paul.com,2020-03-27,121172.0,Engineering
1588,5b857602-a9bc-4134-96f4-3afde0c61612,Amy Hill,56.0,glassjessica@blevins.info,2023-09-20,145428.0,Marketing
1607,daa97286-f848-4e16-9889-2d9fc353e088,Sheila Hawkins,56.0,lparks@clayton-vaughn.com,2021-05-02,71030.0,Support
1614,9df92034-b36f-4c3f-9272-b213a3010893,Kirsten Doyle,45.0,nunezdebra@avery.com,2020-05-22,126823.0,Support
1627,151e2d0d-6c61-457b-b59a-30d11f5fba85,James Mitchellproperty,54.0,mckenziefrye@ramsey.com,2021-07-05,103804.0,Engineering
1628,9f6f5a34-abc6-47fe-a704-b51ff88bb69b,Lisa Castanedaagainst,44.0,karenadams@gonzalez.com,2022-07-21,35774.0,Engineering
1646,39f7c8e9-d464-4dbf-9f34-a8467846aa7a,Joy Bates,62.0,nancy17@rocha.org,2021-06-10,34029.0,Support
1669,65b9a5d2-9d77-4383-9c26-3590608bb110,John Montgomery,20.0,xrichardson@scott.com,2020-10-18,125207.0,Engineering
1685,22630a82-2605-43d7-8ae4-ab0083b4b6e6,Ryan Nash,41.0,simmonsfelicia@clark.net,2020-02-27,133950.0,Engineering
1695,328fae9a-2434-40d1-97df-7ebf136cf461,Christopher Rosales,59.0,natalie39@davis.com,2020-11-30,54030.0,Marketing
1706,c72bae12-515b-4da3-985e-2f6508696b23,Jose Rhodes,56.0,sandersdanielle@king.com,2023-12-19,44079.0,Sales
1714,999b3ed4-13bb-4b29-a816-1ad4fc1da9a0,Natalie Alvarez,50.0,melissa49@bruce-shah.net,2023-03-12,34135.0,Engineering
1726,9c5a1a10-caf8-467b-a91f-fc4700715f1b,Jason Miller,54.0,ugomez@mckenzie-taylor.com,2022-11-12,108446.0,Engineering
1729,1a50e1b5-5547-4663-87ac-f4477ac4008f,Timothy Careyworker,52.0,woodsamanda@moran.com,2023-08-05,139625.0,Engineering
1750,2e275b1f-555d-4632-9161-a032727b2f69,Rachel Bruce,51.0,owalker@nelson-smith.net,2022-07-27,37511.0,Sales
1805,7222205f-0b19-4c69-ae63-009fb322c6d8,Heather Harrison,22.0,jacobbray@morgan.com,2023-02-09,59140.0,Support
1807,375860b7-9fc9-4e0a-85a7-1083a76cc209,Maria Dennis,24.0,dnelson@dawson.com,2023-01-28,71289.0,Marketing
1823,d0c71018-9ffd-4d08-9c3d-80048b3a09a6,James Cunningham,41.0,whitejohn@kane.com,2020-08-30,86142.0,Support
1851,62f3cbb7-98f2-4bad-a565-76e2b4f3c770,Christina Stewartactivity,62.0,oliverrachel@cannon-weber.com,2020-09-19,68543.0,Support
1860,f0ebbba5-4d99-4671-8fd9-1da29329171f,Dawn Copeland,53.0,georgemayer@martinez-taylor.org,2022-11-28,122761.0,Marketing
1872,47d65e5d-4b1b-4063-98ec-37f1c8753d3c,Courtney Hart,38.0,ronald60@skinner-graham.com,2022-10-24,45726.0,Support
1888,236cc3ea-ca3a-48ac-a2f4-7d37cead4bcb,Timothy Baker,29.0,ashley15@peters-middleton.org,2021-09-15,87896.0,Support
1923,ff3dee3a-8bb0-4eff-9388-dc5ef57dbb3a,Michael Anderson,42.0,allisonanderson@johnson-cobb.org,2023-09-04,127310.0,Engineering
1932,25f3163c-69e7-4590-937a-2d9465d671d3,Stacy Adams,53.0,brownchristie@archer.com,2021-09-02,73553.0,Marketing
1933,f4def695-ea06-4889-92dc-6932e0a4160f,Sandra Coxradio,23.0,jamesbenton@cannon-myers.org,2020-03-12,90649.0,Sales
1961,b656864a-6397-48ca-82e8-1199e2dc2608,Stacey Faulkner,54.0,gmeyers@petersen-shaw.com,2022-01-08,99883.0,Support
1967,a23fb74a-be94-47da-a554-4ca2e1a1a2d3,Robert Davis,47.0,ngordon@fowler.com,2021-01-30,147153.0,Engineering
1976,431ebaef-ad27-454d-9b1d-2d94bff0e0d7,Christopher Craigrepublican,46.0,mendezwilliam@moore-smith.net,2023-08-02,133096.0,Support
1988,27967520-926d-4209-b095-17d3a43a711b,Debra Ray,49.0,spencerfrench@meyer-hernandez.info,2020-06-28,101275.0,Marketing
1994,0453c92b-0996-4adb-8b97-145e68b64b3f,David Powellincrease,63.0,cmartin@clark-harding.org,2023-01-16,104122.0,Engineering
2008,c1edf458-f439-43f8-ab06-2958ce3fa21e,Cathy Careytoday,25.0,pmorris@spencer-olson.biz,2021-03-10,53661.0,Marketing
2018,70c982c3-614e-4c4b-ade0-31434e42b879,Michael Taylor,26.0,stephanie70@west.com,2022-11-08,140743.0,Sales
2023,0fccb2d2-3259-41e5-aa6e-727957504b02,Bruce Turner,55.0,victoriataylor@alexander.net,2020-06-06,127965.0,Support
2036,766c1d5c-6b70-4cb4-9b92-46356993afe4,Heidi Gomez,37.0,gracefigueroa@garcia-rivera.com,2023-10-26,60996.0,Marketing
2055,9e210e66-c436-42e6-92fb-0fdbeb445865,Kara Duran,33.0,deborahtaylor@gonzalez.org,2024-03-31,79312.0,Sales
2064,75fba41d-f8e1-4dfd-ad30-d66a4ee65c99,Jamie Hancock,32.0,kevin66@bell.com,2020-09-21,144475.0,Support
2100,175babac-8f8f-4dc3-b794-ae1ca20e503e,Katherine Burnett,54.0,scott67@watkins.org,2021-08-04,147694.0,Sales
2133,25793d13-60db-4884-a463-f7d417f87b4d,Deanna Bakerposition,44.0,theresa33@jefferson-morrow.com,2021-07-30,82992.0,Marketing
2141,b958cfc7-66f8-40dc-9b90-1f739e704bc0,Stephanie Roberts,38.0,jeffrey08@acosta.com,2022-04-04,124825.0,Sales
2149,4f63f2ad-4556-422d-8b81-a46b40fbbf62,Todd Roberson,55.0,thomasterrell@booker-adams.biz,2021-10-07,85271.0,Engineering
2169,ae9dc05c-1f02-42e1-88c3-43fbd8ee084c,Tony Cowan,24.0,timothygutierrez@moss.com,2020-04-19,33300.0,Marketing
2192,c80bf42f-499c-4ca9-a642-9087f22a0ce8,Stephanie Williams,19.0,wpark@tanner.com,2022-01-17,44127.0,Sales
2227,8700e58f-5495-48fd-a0f2-31621e08a151,Christopher Herrera,65.0,april81@henderson.info,2023-02-05,128699.0,Support
2230,c65750b0-80d0-4a57-b36f-3c3e81ec9f2c,Tiffany Miller,39.0,dguzman@noble.com,2022-01-03,37827.0,Marketing
2250,6f206c94-7ada-42db-a072-9434c1a236d0,David Francis,65.0,kristina33@peterson-hoffman.com,2023-02-19,134239.0,Marketing
2255,3c5a70c9-f968-4d1b-80f9-3c7827a8ed70,Amy White,19.0,jillcollier@harrison.com,2024-04-04,34585.0,Engineering
2266,ab964e7a-b94a-449a-8fbc-bc60773ac50c,Chelsey Figueroa,56.0,smithjason@vang.com,2023-08-15,45871.0,Support
2291,c9232a12-057b-47a5-aaa4-f6ceb128f789,Kathryn Kelly,39.0,zfreeman@cruz.com,2023-03-04,73530.0,Marketing
2295,1fb8b15e-7950-49cf-bbd9-dd728de4c3dc,Michelle Jones,54.0,nstrickland@gray.com,2021-11-09,39365.0,Support
2325,a3571c0b-2aa2-44e6-9a74-5777701b8aba,Emma Barron,26.0,danielle81@lee-padilla.com,2021-02-27,118262.0,Support
2334,d74b8fd7-2533-49b7-b57c-732135252165,Manuel Chen,21.0,bgonzalez@stewart-franklin.org,2020-02-08,103831.0,Marketing
2354,a8e1bb82-441d-46ce-ad19-c699ac4dd89d,Crystal George,54.0,juan64@hall-alvarez.org,2020-11-21,43520.0,Sales
2360,cef3518b-553d-43ed-9cd8-b4db1fd94a58,Richard Bryantwhile,20.0,emiller@gonzalez.com,2020-01-29,97801.0,Sales
2370,d99d37ca-ee3e-4c46-b07c-8197c785b4bc,Sally Roachact,22.0,craigemily@reid-stephenson.com,2023-01-29,116016.0,Sales
2398,fe386901-fecf-4b1e-a783-b8895abbfdb5,John Chanready,52.0,aaron48@roberts.com,2022-05-23,34407.0,Sales
2414,4d958a59-b9a1-4b71-a13c-45fe15f3efb8,Manuel Thomas,36.0,dbruce@buckley.com,2020-11-20,110466.0,Engineering
2423,2deeedb3-d838-4e27-b300-14bf8fb17459,David Blanchard,23.0,kellymaxwell@rojas-douglas.com,2023-11-26,108137.0,Support
2428,029acb48-7a6f-4586-9f7a-931c89ffded2,Christopher Lewis,29.0,carloslewis@sanford.com,2020-05-08,76132.0,Sales
2429,77eaa589-2ac4-4384-96ad-a38e7636fcb7,Brian Nielsen,44.0,xwalker@dickerson.biz,2020-12-21,90841.0,Sales
2459,6a712eeb-4aff-4cd6-b039-e431e40160ab,Susan Ramos,33.0,matthewjames@lee.org,2021-01-19,81255.0,Marketing
2472,366f0f20-ebdb-4671-a995-38ed3ae01911,Joshua Jonesnothing,53.0,michael36@esparza-jackson.net,2023-09-21,43032.0,Marketing
2476,8b973c4a-af7f-4037-b031-061a4193ee9b,Kristen Gates,28.0,anthonyhayes@schaefer-jones.com,2023-05-17,106532.0,Engineering
2483,aa035c71-9633-4a86-81bf-d1925148a47a,Mary Edwards,61.0,madison74@steele-becker.biz,2021-07-28,38352.0,Marketing
2535,abdf13ba-bb5b-4f3c-a4d1-1c3aeb5d907d,Kayla Bush,45.0,benjaminbrown@garcia-romero.biz,2023-10-03,64733.0,Support
2546,2fd09df9-2d0c-4c49-8893-3188775274bf,Randy Foster,40.0,hriley@mcguire-thomas.com,2021-10-30,131695.0,Engineering
2551,19e80331-718e-43ad-a891-93e97ad1f58b,Pamela Cherry,62.0,btorres@sutton-rodriguez.info,2022-05-30,102129.0,Engineering
2584,a12b9c1e-ddb9-4585-93e5-02abd75fe981,Robert Carpenter,33.0,ubailey@sims-williams.com,2021-04-12,131926.0,Support
2587,14a00bec-d1b5-4485-b849-303b213faf82,Jeffrey Preston,52.0,julia07@morales.org,2020-06-01,49631.0,Engineering
2598,4c25edee-b09f-41c2-80d5-7c4a1ea82207,Connie Howell,65.0,sandrariddle@lopez.biz,2023-01-11,127145.0,Sales
2609,89db2a7b-3466-4e3f-8e05-51ab93abd1e3,John Gomez,24.0,littlepaul@smith.info,2024-05-30,147068.0,Sales
2618,cc118391-0ca5-4942-bae2-59713db77af6,Angela Thompson,37.0,edwardsgary@hughes.net,2020-08-01,68502.0,Support
2627,1a141f68-95da-4f27-afa6-666e6bc08ece,Leah Lozano,33.0,mmontes@sullivan-frye.com,2021-06-07,89913.0,Marketing
2631,92be859e-ac98-4911-9b72-fb62b957a2b4,Timothy Ramirez,38.0,crystalklein@foster.org,2021-12-24,58180.0,Marketing
2636,c2dcf168-f8b3-48bf-ab36-f644a0ba9bbb,Michael Luceroanyone,42.0,joshua20@moore.com,2024-06-10,147016.0,Engineering
2667,9989be15-a5a7-4e9f-b774-5116964075d7,Jasmine Robertsontotal,43.0,thompsonedwin@miller-werner.com,2020-01-04,137003.0,Engineering
2670,0db523de-ea5a-46f0-8af7-92504ea82fdc,Nicholas Warren,45.0,ashleyle@hartman-garcia.biz,2020-05-18,65195.0,Support
2671,d3e66d22-dfc5-4bcb-9c43-b2a551a37115,Garrett Parsons,51.0,lindafreeman@garrett.com,2024-03-04,73872.0,Support
2685,e8e50fff-ff42-44e5-ac66-aaef700901e3,Wendy Moore,64.0,emilygeorge@harvey.org,2022-08-24,59992.0,Marketing
2692,2aba0835-c11a-4ff7-83ce-3535a8f00875,Steven Buchanan,45.0,moorehector@velasquez.com,2021-08-01,57304.0,Engineering
2694,b10e56c5-e1ec-4a6c-a736-6b17de85bde3,Jennifer Washington,29.0,christopherstuart@braun.com,2024-02-21,111393.0,Engineering
2699,e77ba322-4e76-417d-a2e8-21e683eaf6af,Kyle Gutierrez,28.0,monicamendoza@jones.com,2021-04-05,81888.0,Support
2704,89f0e6a2-1790-47dd-9c5b-b81142e36920,Lisa Starkthem,59.0,mark90@robinson.com,2021-07-22,42173.0,Engineering
2714,d2a28769-6e5d-479a-b83c-059861b2d2e4,Vanessa Miles,33.0,suzanne62@reynolds-johnson.com,2020-05-02,145104.0,Support
2716,db0cfd2f-9fa2-47f1-b4c7-b707c0205d8f,Lisa Martinez Md,33.0,myersbrandy@manning.com,2024-05-09,140760.0,Support
2734,eaa9f16a-f603-4cd8-8b10-f0e540e50c3b,Todd Rogers,60.0,kelly45@may-moore.net,2024-05-19,73345.0,Marketing
2737,60e6210d-46b9-44f5-b8f5-7326efdbeac2,Lucas Miranda,47.0,christophersawyer@jones.org,2023-05-06,52325.0,Sales
2755,ddec3def-9a34-43a4-b7af-ece5e1890ff5,Cole Carr,64.0,jessica60@perez.info,2022-10-10,30603.0,Sales
2756,46614381-2ee5-4830-b63b-cdb098afbcbf,Terry Castromanagement,25.0,handrade@mathis.com,2024-01-01,57700.0,Support
2759,75ad15a1-0b4e-4426-8137-59873f77c838,Anthony Norton,29.0,zsmith@scott.org,2020-12-09,148011.0,Marketing
2771,442283b5-7b7b-4a3a-ae99-871ef549ad0e,Shawn Fitzgeraldok,65.0,ugarcia@harris.com,2021-12-28,28109.0,Engineering
2781,5b6015c8-34a7-4607-aaad-11d243c3c7d0,Amanda Martin,58.0,jeffrey80@carlson.com,2022-08-02,117282.0,Engineering
2800,d941859b-9596-4744-91b3-9f5763b866f1,Victoria Morgan,47.0,ashleywalker@davis.com,2023-08-29,77816.0,Sales
2803,b0518a77-a79d-492d-96f9-2ae0a8f97e1b,Mario Meadowsthis,27.0,debragriffin@prince.com,2021-04-12,31931.0,Engineering
2823,e8af4636-c298-49d2-8ad9-ef0fbb1fcbc7,Joseph Dixonthrough,18.0,bhunter@maddox-young.net,2021-03-02,88330.0,Sales
2840,45b93cb9-f8b6-497b-af26-ea430c730c4f,Brian Hammondteacher,50.0,usmith@matthews.com,2022-09-05,131760.0,Engineering
2855,81a67d36-7590-40fd-afdc-6cf13d0a258d,Kirk Ramsey,64.0,zunigapeter@booker.biz,2023-12-17,76907.0,Marketing
2858,d6bb9ff0-8546-4bb5-8c81-2fb630cec25d,John Wilkinson,63.0,amanda41@taylor.info,2020-12-14,102285.0,Engineering
2865,5c6e043a-79bc-4402-afaa-4aa564b30ba2,Julia Griffin,43.0,michael54@cunningham.com,2020-04-06,54214.0,Support
2879,f1dbad53-8713-4fe1-ad5a-488d71ff48eb,Mark Gonzalez,54.0,molinajulia@barr.com,2022-01-25,72590.0,Support
2895,0d1c4ccd-5b37-4082-889e-0f0a75861db2,Lisa Thompsoncolor,52.0,pamela08@hart.com,2023-03-23,75756.0,Support
2919,b2d17d94-7d44-46df-bb5d-cd6ea37f119a,Dana Howard,54.0,april33@velazquez.com,2020-06-04,70610.0,Support
2928,fc9811dc-cfe6-45f8-b4d5-4abb58f0dc2e,Mark Hernandezworld,33.0,jonathannguyen@fisher-andrews.net,2022-08-27,51672.0,Engineering
2934,220aad00-d4b6-49f5-b3b9-666df12e0117,Laura Walker,42.0,hillblake@sanford-roberts.com,2022-12-13,49201.0,Engineering
2938,87dad3b3-891b-49b9-9b07-bd81b9dfac43,Michelle Robertsonauthor,38.0,andrea68@johnson.com,2022-01-08,122446.0,Engineering
2950,1875a5fe-bcf7-4c15-b3aa-541a78c6597e,Jessica Hall,54.0,ksoto@curtis.org,2022-07-03,103373.0,Engineering
2973,e68d6f68-0a96-4740-b8d8-4e18421843dd,Tyler Josephentire,39.0,david95@griffin.com,2021-08-26,42866.0,Engineering
3008,6484c3f5-ca09-409e-bd03-f30af0fe5f51,Laura Schneider,43.0,weavermichele@dudley-norton.biz,2022-08-28,95101.0,Support
3022,36cd2d84-7693-4db7-99e8-7a1fa028ba48,Walter Riggs,50.0,kathryncrosby@white.com,2023-08-18,75516.0,Engineering
3028,99fc7252-1980-4381-944a-277c4e2b28d1,Wesley Jensenevidence,33.0,lewisashley@day.com,2024-04-25,53005.0,Sales
3038,168ea256-22c1-48c0-842f-0766005b60d3,Zoe Baxter,27.0,moyertara@freeman.com,2020-08-10,118295.0,Support
3079,9d615073-beda-4fc6-b46a-d12ac5ea6b23,Nancy Brown,54.0,wendy17@everett-howell.com,2021-07-01,144098.0,Marketing
3090,56cf3319-bdcb-4c64-bfbf-1fd4b83b1beb,Jamie Millercollege,55.0,xoliver@woodard.com,2021-08-26,81338.0,Sales
3092,7ad3751f-efe0-46e9-bb35-c42c8d7e073d,Brenda Smith,46.0,jessewhite@jackson.com,2022-07-26,141520.0,Marketing
3096,5e26b1db-debd-480f-8cd3-c796ade3182d,Thomas Robinson,22.0,deborahsmith@coleman.com,2023-03-23,135919.0,Marketing
3103,0ceecab9-0269-448e-b097-16821e8f4275,Jason Smith,31.0,steelejay@yu-conrad.com,2021-08-29,138488.0,Engineering
3117,68e0cfe2-3baa-4359-9f7d-718adf613d03,Betty Lee,47.0,walkercatherine@harris-evans.com,2023-01-13,116956.0,Support
3134,05523255-c77b-4674-9f39-7c55a30dbc38,Mark Anderson,49.0,amandabaird@tate-burns.info,2021-11-20,113353.0,Marketing
3137,f0674c7f-bd2e-4038-94bf-47dd2dd57a7c,Denise Pratt,57.0,judy35@miller-miller.com,2024-05-22,121804.0,Marketing
3156,15b713d5-270c-4ea4-abd7-b0b723ee8186,Debra Gibson,48.0,katherinegreen@shaw-mcpherson.com,2022-07-23,37979.0,Sales
3163,e96df51a-7dd7-496b-96bb-f2c7886cf484,Anna Bruce,29.0,knappethan@wilson.com,2024-03-11,127878.0,Support
3168,aa1b2231-64b9-41b6-aa1f-3f904ed38157,Jeffrey Flores,53.0,hernandezjeffery@jackson-brown.org,2023-09-06,33675.0,Engineering
3192,8e2f00b6-c316-4152-953c-335336342c75,Kevin Hendrix,58.0,jasonjennings@burke.org,2023-07-18,84461.0,Sales
3193,85de2415-8fe6-4cd5-9e7d-60e0bae81b4d,Robert Hayeshealth,56.0,renee30@nash.com,2023-11-10,52771.0,Support
3207,6f11ee47-6d2a-48ef-87ed-02b9461a1a71,Kimberly Smith,25.0,youngkenneth@rice-hart.org,2023-05-17,50323.0,Support
3215,d153a89b-44cd-40a3-acdf-110409be216a,Mark Wilsonbillion,21.0,lorijohnston@bryan.net,2023-07-17,104385.0,Marketing
3224,6be7dbe0-8683-4977-98b6-08ac6caf7c31,Edwin Frye,64.0,elizabeth37@love.info,2024-06-10,125813.0,Support
3227,c87de125-d352-4703-a662-a3d86ec15d17,Michelle Merrittbe,54.0,kennethgriffin@chen-myers.com,2023-10-30,98136.0,Sales
3236,28fdc589-0838-4ee4-b9a4-4175ee70684a,Russell Perry,44.0,qknapp@vaughn.info,2021-08-07,130377.0,Sales
3296,672426a7-07ec-4528-8435-e503b0d6a8d2,Joseph Rodriguez,54.0,warmstrong@berger.com,2023-11-16,65011.0,Sales
3310,7a5938d1-d4e9-487a-a8e3-c7f5727c4b1a,Amy Young Md,59.0,harrisalexandra@kaiser-blackwell.com,2023-10-27,129280.0,Engineering
3314,f641bbeb-715a-4f94-8381-df6b84a303f7,Cynthia Moore,54.0,lpetersen@cook.com,2023-10-20,55874.0,Marketing
3317,10c26512-ce3a-4387-b71a-47768503562e,Kimberly Cummings,54.0,rmccoy@hall.com,2020-06-11,62968.0,Marketing
3327,4168be1c-2949-4e9c-900a-3fa2481f8ff1,Jennifer Rodriguez,18.0,copelandjacqueline@ruiz-cruz.net,2023-08-13,51071.0,Sales
3340,d9b08d5c-6aee-4a2d-a817-20c7070050a2,Jeffrey Torresbuilding,23.0,iwelch@perez-bishop.org,2024-01-30,98038.0,Engineering
3346,fee1b94a-cbe4-4b60-b4f7-30c5ec4d1f5f,Craig Lewis,51.0,garylopez@vasquez.com,2023-12-03,125218.0,Support
3348,697e3e92-8e44-46de-82f0-99da95390e9a,Cory Mcgee,25.0,mccoyjason@shepard.com,2021-08-06,108658.0,Marketing
3350,292ed12a-901c-4ee1-aaf1-1b9e8841da02,Joshua Delgadobit,18.0,carladaniels@edwards-knox.biz,2022-08-08,71358.0,Marketing
3351,f21b63cf-4f0e-47e2-ac9a-f1471b6fa1ad,Ashley White,35.0,phall@myers.com,2022-12-24,101964.0,Engineering
3412,49f528f6-e1cd-4580-9721-a6253cf120f2,James Hernandez,26.0,brittany28@aguilar.com,2023-08-03,122797.0,Support
3422,4e442e82-2cc2-4e5f-9ed3-809dd2bbe034,Christopher Pooletechnology,53.0,rosariobenjamin@haynes.com,2020-04-09,55194.0,Sales
3425,4f6465e4-0270-438d-8210-03701eef56e7,Ryan Ross,25.0,paigehansen@gonzalez.com,2021-06-01,127800.0,Sales
3447,0c5099db-d900-4722-93b5-68262cd66d88,Andrew Daniels,37.0,reedalex@henry.biz,2020-03-31,108328.0,Marketing
3467,719b7b0e-dd53-4fd6-bd9a-a8b8d44039a6,Megan Potter,61.0,beverlymcdaniel@garcia.com,2022-08-23,146093.0,Sales
3471,972eec7b-73fa-4b2f-bcd1-8bdfdd4de563,Tonya Ray,42.0,ronald55@smith.biz,2023-09-26,54810.0,Support
3481,38071865-99f9-486d-97cf-26120c7c05fd,Robert Liu,18.0,dprince@ramos.com,2023-03-27,80935.0,Engineering
3495,e11962c7-a472-4ad7-a5cb-56642a3d5ead,Mary Singh,36.0,sandra38@wong-mclaughlin.com,2021-09-16,37616.0,Support
3500,e414f0fb-6f1c-4af4-8fbb-b8b38da499a4,Ralph Harris,34.0,jamesfarley@bartlett.org,2020-02-15,96883.0,Engineering
3501,7d0a8f5c-7cc6-42b4-b9b3-5f2c47e2f1e9,Margaret James,36.0,vrhodes@hansen-ponce.net,2020-04-29,94011.0,Sales
3546,32887ee1-6d69-489a-943a-5deaa83baad7,Lauren Sanders,63.0,sullivandiana@hines.info,2023-04-28,84090.0,Sales
3547,513c8c58-247f-4b4a-83d6-a306d17204c9,Felicia Lee,44.0,susanhoward@brown-day.net,2020-04-20,128413.0,Marketing
3555,eec2b907-9b89-44b5-ab1b-0db647101666,John Gutierrez,54.0,gilldanielle@hunter.com,2020-07-18,99734.0,Support
3562,93db0dd1-6fca-4ed8-aacf-a15136b32955,John Smith,54.0,stephaniefreeman@carr.info,2023-09-24,143430.0,Support
3566,3cb6f155-6d2f-426d-9582-9fbd52014444,Chelsea Smith,48.0,muellerdaniel@nguyen-james.com,2024-01-26,106323.0,Engineering
3579,3e1fe4a0-d42e-446e-bf18-38f833b07992,Christian Ponce,38.0,williamsdustin@flores-price.info,2020-01-29,134856.0,Marketing
3591,3ef274e3-6fb8-4672-96a8-8487d4fac339,David Martinez,28.0,michael93@porter.info,2021-03-26,83704.0,Engineering
3612,2e2a3bcc-e946-466a-9396-3d69b2aa31e4,Megan Henson,54.0,robertohill@hart.com,2022-01-26,128950.0,Sales
3617,1d51dc1b-312b-484c-a724-8896d2cf4c54,Belinda Hill,52.0,lhendricks@brown.com,2022-04-08,46023.0,Support
3622,c7c99fa4-fbc0-461e-ba89-ce7c4e354d93,Curtis Mullins,62.0,jason43@burke-sanchez.biz,2023-09-16,112138.0,Engineering
3630,cb2397c5-c8b6-4078-9e11-3050c3f91cd1,Nancy Price,54.0,paulsimon@lee.com,2024-01-31,40063.0,Marketing
3666,ea8c5fa8-3126-4449-806e-4c38943773ff,Wendy Oliverpressure,60.0,mariamendez@barnes-perez.com,2020-07-02,144942.0,Sales
3685,3f3e772a-c4a3-41ce-9c14-c245d5de89c7,Melissa Andersonbook,56.0,donna35@rivera.com,2020-07-18,98709.0,Support
3706,0fee8304-c1a8-44b4-92b7-fe3e0e6c9443,Nicole Green,30.0,schmidtmaurice@silva.net,2020-10-03,50436.0,Support
3721,bef9e73d-50c1-45d0-913c-643e5c62852b,Laura Walker,40.0,plopez@swanson-nelson.com,2023-01-21,103000.0,Engineering
3755,6693b3c7-5939-4fad-abce-95b1ca5d8fd3,Brianna Morrison,22.0,mcdowellmarc@griffin.com,2020-01-25,132419.0,Marketing
3775,9ca4756f-e6dc-49ec-a56a-794e537e6e60,Jennifer Davidson,36.0,pamelaarnold@obrien.net,2022-03-06,67270.0,Sales
3779,10a77eec-a96d-4490-883d-85dc305dffc1,Jamie Colemanok,57.0,chelseamontgomery@bennett.com,2020-08-18,48390.0,Support
3786,bf93060f-5758-491c-8fa3-bacd4cbdaada,Miguel Owensshare,25.0,campbellrebecca@hicks-crane.com,2022-01-21,57347.0,Support
3800,36592922-2cfb-4cfc-9e12-662c485a0a44,Brittany Castroperformance,33.0,sheila67@washington.com,2021-06-23,65606.0,Support
3823,9fe097ed-9e1d-479e-b3bf-d4206a8d1ec7,David Wall,33.0,kennethtaylor@cannon.com,2020-04-08,118641.0,Sales
3825,674bdcff-2d2a-4804-ae25-5035257f26f0,Kimberly Black,62.0,karen29@mays-harrison.com,2021-12-17,133204.0,Sales
3848,ebfdf8f6-9013-42e4-acd7-1fdcd48babde,Gabriel Price,33.0,lesliekeith@hood-brown.com,2020-07-14,45500.0,Sales
3864,5504df3e-ed5c-40d8-bf88-806db19b72ef,Catherine Mooreauthor,36.0,williamsmegan@mcbride.com,2020-04-14,55416.0,Support
3931,7a4a93b1-0eae-40ed-b089-4c4b6b5ebfa9,Mike Campos,20.0,nancyquinn@williams.info,2020-11-22,139786.0,Engineering
3954,8c361a2f-2b48-4a11-97ce-be408d5e84d9,Charlene Duran,57.0,perrydenise@joseph.biz,2020-11-09,58664.0,Marketing
3963,d06f1ff9-02e5-4463-9c26-71c62645609d,Bryan Warearm,54.0,wilsonwendy@kim.com,2022-05-06,75970.0,Sales
3965,b0ed16de-e25a-4987-a319-0bf5e4764cb8,Michael Duncan,23.0,brittanybeltran@gardner-landry.info,2024-04-16,134194.0,Marketing
3972,0af4dc8f-682d-42fa-930e-8b3b70169fb5,Leslie Caseymaybe,45.0,michael42@gomez.biz,2022-08-07,58731.0,Engineering
3979,c8b7a091-c113-429f-8d9a-fd3cd9efba44,Wesley Walters,42.0,floresdonna@green.net,2020-02-07,52581.0,Engineering
3986,714b4ad0-ac32-4630-bb54-0da92357efa6,Daniel Bowman,27.0,conwayjeffrey@sanford.org,2023-05-29,124363.0,Engineering
3992,f6a70bd1-47f0-4617-8402-b52379a02b74,Michael Lawson,34.0,lori80@dalton.biz,2023-11-05,139560.0,Support
4010,de9c302f-27b3-4427-b9fa-883d1e720bf0,Cole Castillo,59.0,kimberlyescobar@burns.biz,2021-06-18,43617.0,Marketing
4043,7e740a55-283f-488c-b528-fae54a7f2365,John Sanford,54.0,pmurphy@spencer-edwards.net,2022-08-26,32383.0,Support
4058,feedf065-21fe-4b73-bd82-a4e300cd63ed,Matthew Mcguire,25.0,tbailey@avery-austin.com,2021-09-01,109159.0,Support
4062,7cf7b4aa-1ff4-4269-b4a4-ed04ace8a169,Evelyn Dunn,61.0,sheila87@baxter-espinoza.com,2023-12-31,40302.0,Marketing
4064,94f62603-1235-49ac-b1da-3c75d2769059,Daniel Parsonsparticular,32.0,wwatson@chen.com,2023-12-22,86303.0,Sales
4065,4eac7185-2e8a-4743-89c0-09d65cadee3e,Jennifer Baker,50.0,robertgonzalez@edwards.com,2020-12-04,35545.0,Support
4086,60473b95-4e72-4001-84d0-8fb13940acef,Martin Blankenship,57.0,xbrown@mcmahon.org,2020-02-20,84807.0,Engineering
4088,759ec306-187e-4d52-9863-a1fcb16943b9,Joel Cooper,54.0,jeremy62@rogers.com,2021-08-29,116808.0,Sales
4126,09dbad95-e8a4-4f89-8b9d-a29e11bb4bbb,Juan Callahan,24.0,amanda35@west-rojas.com,2021-07-09,47697.0,Sales
4166,925c84b5-c88c-4f48-a580-37ec3935bc2f,Jason Camacho,55.0,lindanguyen@sanders.org,2021-04-06,66900.0,Support
4182,e788a76f-65d8-42f6-9ebc-a3e51e67f77f,Mary Collins,54.0,theresa23@hardy.com,2020-08-13,68172.0,Marketing
4201,4a3867fb-1fe7-42d1-8036-66bf49ea200e,Jeffrey Mooreculture,30.0,justinyoung@bennett-carlson.net,2024-03-19,63944.0,Engineering
4210,2ecb9a62-00a0-423d-b165-8d6c752adea3,Michael May,35.0,fwilliams@brown.info,2020-11-17,64021.0,Support
4335,6f33164f-87b9-4d92-bfd0-0c309815dfb4,Emily Davis,28.0,megan14@walker.net,2020-12-15,63247.0,Marketing
4377,c097ba9e-2aec-4689-80a5-5bb026280d63,Robin Ortiz,55.0,bryanrodriguez@armstrong-ortiz.biz,2022-07-05,117360.0,Marketing
4379,6c4f76ca-6818-4c26-a280-68746bffb450,Eric Batesmust,48.0,pmiller@wood-knight.org,2020-05-11,114073.0,Engineering
4393,58c4cf81-7efd-4cd1-9a33-7862ff97fb1a,Amy Clark,25.0,jgraham@gomez.com,2024-03-07,149695.0,Sales
4402,d15ad8be-8cfc-4e4a-99ef-80e26604f8bd,Robin Coleman,33.0,osimmons@martinez.com,2022-07-15,87274.0,Engineering
4404,677b4651-b01b-4090-9fb7-d1f4e0a8dc68,Jennifer Cooper,48.0,holtmichelle@combs-campos.com,2022-09-23,50467.0,Marketing
4408,ef5435b3-4b0d-4adf-a757-6918988d0f9e,Joel Woods,42.0,weissamanda@klein.com,2022-04-01,98220.0,Marketing
4416,6746b487-bf13-4bd6-bfa6-58ef7fc6661c,Morgan Jonessound,41.0,petersenjimmy@ellis.com,2023-03-03,72009.0,Marketing
4419,f49dae87-f7ce-4d8c-91c0-0af1a309e98c,Cody Leeunder,51.0,daniel52@newman.com,2024-01-16,133908.0,Marketing
4439,ccf240c8-e263-40f4-ac97-de566612a578,William Santanaentire,42.0,kirkwilliamson@price-bowman.com,2023-09-21,141700.0,Support
4495,241c9569-4616-4425-9963-eb7000d9cceb,Ronald Harris,46.0,reyeselizabeth@scott.com,2021-01-26,64466.0,Support
4531,a2391211-6f9b-4fcd-a782-3bdbc7715efb,Kenneth Young,31.0,stevengill@clarke.biz,2020-03-14,113653.0,Marketing
4540,21eb666d-3ecd-4abd-9d3a-29c0957f8307,Cheryl Santana,19.0,steve16@mitchell.biz,2023-04-24,123323.0,Sales
4555,6557d295-0821-4c8f-91a8-93e462770a53,Brianna Roy,57.0,ericastewart@duncan.biz,2020-02-28,68832.0,Marketing
4568,66061ff1-31f2-42c8-a048-38ebf6a88c1c,Daniel Padilla,54.0,vfrye@bush.org,2022-05-01,52929.0,Marketing
4578,ec939510-acd1-4d8a-a89d-d34c4e9e3341,Jeff Young,26.0,james87@hill.biz,2022-11-02,39858.0,Engineering
4582,8ad90927-342c-4d04-a504-5e09923916df,Bonnie Hernandez,45.0,matthew16@sellers-riddle.info,2022-01-10,58773.0,Support
4585,552fed74-4c8e-4b25-9661-69aa9cbf9470,Justin Hahn,41.0,nhayden@lin.com,2023-01-16,134026.0,Engineering
4592,2206c81a-a16f-4ab0-92ac-9fd25eee5217,Laura Richardson,19.0,ymaldonado@davila-mcknight.com,2021-01-24,48281.0,Engineering
4616,7556edbb-6267-40d0-b8e7-2bf93eaf9d0e,Michael Preston,44.0,arnoldteresa@nunez.com,2023-11-20,67547.0,Support
4624,c7457414-445a-465a-985d-4ce20e3d1fa7,Daniel Bakerwhile,65.0,garyvaldez@hernandez-summers.com,2021-11-17,70733.0,Marketing
4662,917ec84e-f179-4427-b457-15c428909e01,Joanne Fowler,62.0,kcox@york.net,2022-10-15,90668.0,Engineering
4664,3608b349-e7eb-46c0-8fed-7b447ad11db2,Pamela Baldwin,62.0,wadams@mccoy.org,2021-01-15,84276.0,Support
4684,bec615e9-10ce-4c14-8f45-44ea64e71e9e,Jason Tanner,36.0,sgreen@schmitt.com,2023-11-19,44768.0,Marketing
4691,8824be18-cfa1-4ffa-bbf4-a76edc59a007,Daniel Smith,42.0,hreese@hughes-cox.org,2023-02-18,142212.0,Support
4694,3b8d88bc-66c8-4eff-a6a6-4c8f2d99a93f,Christine Cooper,49.0,mariajones@morrow.com,2023-12-11,121080.0,Engineering
4705,6eaecbd3-019a-465b-9e9f-9cc9b7d4cd92,Albert Torres,31.0,daisyryan@miller.com,2023-04-20,32042.0,Marketing
4735,b0ae6598-3aae-4081-91f3-e41b0a1066b1,Robert Moore,30.0,amarshall@shah.com,2021-11-27,87607.0,Marketing
4746,8849e1b6-caec-440a-a240-a696bc212bcd,Beth Wilson,65.0,valentinetammy@moore-norton.com,2022-07-22,125281.0,Marketing
4775,ca16a9f3-54f3-4f26-b36d-ed77f728b389,Lisa Dillon,46.0,lisabarker@browning-boyd.net,2020-11-13,87248.0,Support
4788,6ca25b98-d7cb-42b4-81cf-132eab3cdd7d,Keith Cisneros,20.0,katherine37@velasquez.com,2020-02-23,149784.0,Support
4810,b4480701-f134-42d8-8ec3-70906c12c957,Heather Thompson,47.0,josephhoward@beck-smith.biz,2023-10-08,61955.0,Support
4841,8bfe8bbd-ecf3-4f47-800f-a166fbef0598,Deborah Wilson,54.0,matthew79@robles.com,2020-09-17,32491.0,Engineering
4850,5b0bc3a2-07d8-4d2f-91e4-d0043ec1a8b0,Colleen Rangel,21.0,zgeorge@freeman-king.org,2021-10-03,145901.0,Support
4852,355b1c1f-e1a6-4322-84c9-182794392fc2,Joel Fitzgerald,24.0,fsherman@moore.biz,2023-01-04,64850.0,Engineering
4880,51c71fd7-a5f0-4890-872d-577a0b159b7f,Julie Green,28.0,diananguyen@baker.com,2022-01-31,112168.0,Support
4918,9ec174fb-0b0c-44e0-92d5-d243a3576f63,Gavin Gutierrez,22.0,leebrittany@pratt.org,2022-02-04,99425.0,Engineering
4935,c8fa3817-39b2-4807-b4fa-92c1c8cece2a,Garrett Gamble,19.0,amberhamilton@green.com,2024-05-18,129390.0,Engineering
4937,310d7346-0b3a-4965-9ef0-5b0af93ab655,Jeremy Castillo,60.0,robertsjames@williams.info,2022-09-29,58361.0,Sales
4948,76901a88-706b-415c-b182-3b5a70986165,Kristine Williams,37.0,jasminegray@lewis-robinson.com,2020-05-01,35498.0,Marketing
4953,1d21322c-6a54-4f99-af6d-3ccdf5c843c7,Matthew Salazar,43.0,reynoldsjennifer@macias.com,2020-06-11,109722.0,Engineering
4972,75148a94-1f15-4ffd-bcf7-259b182ca4f2,Cynthia Taylor,35.0,jessica96@vasquez.com,2022-01-19,89672.0,Sales
5032,c6a43e1d-86d1-4cee-a656-c37eb8fd9610,Kelly Cook,29.0,melissahudson@gibson-clark.com,2022-06-30,137879.0,Engineering
5043,3e74590d-e1dc-45bb-939a-0773382df8b1,Lisa Gutierrez,48.0,sandersshannon@roberts.com,2021-11-25,112606.0,Support
5055,9df6fecd-a1ea-4272-ae07-f18be0557ef2,Carl Mcdonald,24.0,bennettchris@saunders-hensley.org,2021-07-31,39988.0,Sales
5069,0c7602cd-a2a2-4300-9820-a09851224ff6,Daniel Mooresign,47.0,leahduran@riddle.com,2021-04-10,96033.0,Marketing
5073,10796b36-c0fc-4715-a7df-89e30fc1fa79,Natalie Jacksonevent,39.0,alexanderjohnson@michael.com,2020-07-05,119429.0,Marketing
5083,3b2c419b-8ec8-44b7-83bd-8a9e0659e605,Teresa Smith,40.0,robbinsdaniel@kemp.com,2022-12-23,126270.0,Marketing
5099,b2a76ea1-2471-4bb5-9c72-60d240a7a485,John Taylorcheck,21.0,kingbecky@lewis-gomez.biz,2020-01-26,100387.0,Engineering
5102,738b7424-7db7-4239-9bf8-7ddfd48062a3,George Smith,42.0,gailhernandez@cox.net,2020-07-10,37794.0,Marketing
5115,47f01f40-afb4-4d5a-b3bf-65c30ee43a16,Jacqueline Flowers,35.0,uhall@white.com,2020-08-24,139210.0,Sales
5165,8dde35e9-7a90-4f9e-b493-00cc01b77672,Daniel Ramoswith,39.0,crystalwest@hill.info,2023-11-15,141853.0,Sales
5174,a45a191d-f83a-48ab-ac9a-858532336ad2,Margaret Nelson,38.0,patrick87@williams.com,2023-07-31,86364.0,Marketing
5175,2ba755ca-4944-48c0-a9da-28636dbec379,Vanessa White,54.0,robert46@kelley.com,2020-10-31,77100.0,Marketing
5188,3e1033f2-a319-49dc-b750-f5f192dc64a0,Tina Copeland,32.0,wellsjodi@johnson-wheeler.com,2021-11-05,114792.0,Sales
5196,274600cf-5d4f-46a8-8e38-4d861276c3a8,Seth Gregory,33.0,mfischer@hays.com,2020-08-21,99636.0,Engineering
5206,9d9a0394-2aa5-4f01-aaad-4062d1b2e45b,Adrian Mendoza,59.0,colewilliam@stevenson-bailey.net,2020-02-21,101327.0,Marketing
5208,5086d696-3acb-46ce-a292-329a85807e00,Edward Guzman,38.0,djordan@oliver.net,2023-05-26,74676.0,Marketing
5215,d20209c4-dca9-40ad-af95-f7142d298437,Patrick Wilson,33.0,nwalker@rivers-hodges.com,2021-07-29,50599.0,Sales
5222,9b172395-eb98-41f7-b8af-c9569ff95f3c,Jennifer Patelwatch,51.0,debrarodriguez@norton.com,2021-01-20,48283.0,Sales
5245,23eab743-9dd1-4a98-8e61-e6263f5b6d10,Cody Harris,36.0,harrisronald@pratt-lewis.com,2023-12-27,59797.0,Engineering
5247,4b266d6d-a21a-416c-a81e-d0b5a8c143cb,Danielle Davispeace,26.0,drewoneill@hartman.com,2021-06-30,110237.0,Sales
5248,c7d296e6-d648-48a6-a6d1-307733f4c48f,Renee Miller,44.0,eringraham@garner.com,2023-05-09,131657.0,Support
5249,181b248e-ada1-4b0c-a019-f257b8349d5d,Christopher Phillips,54.0,rosemichael@morris-thompson.com,2022-05-25,148284.0,Support
5250,8d24d199-0b23-454a-affe-8454511f35e5,Heather Fernandez,58.0,ksanford@barber-hanson.com,2024-04-10,86951.0,Marketing
5263,48394f31-7e93-466f-8a6a-87bfeb9ba07e,Marilyn Berg,55.0,suttonjoel@sutton.net,2022-08-19,36749.0,Engineering
5283,e8b016b6-e59b-48ae-98c0-e25fa602d1e0,Patricia Hall,31.0,gardnerpaul@chaney.info,2020-02-13,80102.0,Sales
5298,249332df-d365-4473-a70a-ac3a80159c19,Hannah Bishoppaper,23.0,jennifercurtis@barker.com,2022-04-02,148373.0,Sales
5299,f82d65c8-f4bb-485f-8dc5-2e454fda6fad,Curtis Moses,46.0,michaelthompson@powell-coleman.com,2022-11-21,32349.0,Marketing
5335,f9ce335d-1e19-4652-88be-51fa9734205b,Jason Coleman,49.0,sherririchards@parker.com,2021-07-22,41228.0,Marketing
5340,2ce5e7b6-bc54-4ba2-8c29-1f8b312a1f6e,Ronnie Kim,54.0,gonzalezelizabeth@owen-johnson.org,2023-08-20,131336.0,Marketing
5379,6fe34a61-11c8-4429-9378-fa1935f0d844,Walter Kemp,56.0,angelamahoney@foley.info,2021-10-08,135366.0,Engineering
5381,db5d58c0-0f25-4ba5-910b-56dbf899353e,Jorge Oliver,25.0,hmcconnell@lewis.com,2020-01-27,63615.0,Support
5386,fe4f556d-e7e5-4ee9-90c4-2b3a13826813,James Vincent,61.0,janderson@schmidt.com,2022-12-22,88798.0,Sales
5397,5958ff59-8688-49d2-a37d-7be47b0e3ee0,Roger Collins,40.0,thomaswalton@austin.com,2021-04-15,61790.0,Engineering
5399,475c3a53-bb79-456f-a87f-65b77fbff586,Sally Mcmillan,65.0,rodriguezandrew@berry.info,2021-02-01,105385.0,Support
5400,8ebe0602-b1e1-4987-8830-f83054e5b498,Tiffany Paulchurch,60.0,tarawright@estrada.biz,2022-05-04,91906.0,Engineering
5413,7a795c83-5868-4eb1-a1a8-2f08e59f07d5,Cheryl Mckinney,45.0,zbailey@griffin.com,2020-05-28,42693.0,Engineering
5415,6dfb01da-e7f3-472d-b7cb-26de282bd3bc,Mark Morgan,41.0,bsmall@beltran.info,2023-02-13,46839.0,Support
5446,3a235346-f9c2-4b57-9e86-b42f81636ce9,Allison Lam,32.0,gonzalezjeffrey@watson-bowen.com,2024-02-06,44117.0,Engineering
5450,034b2d65-181c-4b14-8b9c-c438f220c737,Elizabeth Trevino,24.0,kimcook@robbins.com,2022-05-29,142435.0,Sales
5462,876ec20b-da7b-47c6-a5ff-755a49085417,David Rothleave,54.0,mwhite@vaughn.com,2024-01-19,64668.0,Marketing
5537,71821adc-899a-4d92-a926-27fac4def6a1,Patricia Ramirez,26.0,maldonadofelicia@harvey.com,2022-07-01,83042.0,Marketing
5556,8211dcb0-cd4e-4703-9761-a178bc3b28f5,Michael Perez,20.0,ericsmith@taylor.com,2020-02-18,58556.0,Sales
5558,8481c873-7f8b-4fe7-99f2-d4441d6b528a,Lance Vang,36.0,sherimathis@long.com,2022-09-02,53344.0,Sales
5587,2ee7afe4-3e3d-453f-a3a9-11d783992fc1,Jacqueline Zuniga,61.0,gphillips@brown-garcia.org,2021-09-17,37472.0,Marketing
5593,8f084c26-0c52-41ae-b576-0edad5206178,Fernando Hill,43.0,stephanie10@phillips-johnson.com,2022-01-02,65945.0,Engineering
5599,332eb82a-49d0-462f-bf4c-d794cda9d93a,Michael Spencerlow,42.0,sherryconrad@brown.org,2023-04-25,81713.0,Sales
5617,d0b1a47f-4839-4b2d-b0e3-8dec797327f9,Nancy Proctor,21.0,nfitzgerald@watson-boyd.info,2023-09-07,95203.0,Sales
5625,1aa711af-9633-4944-a199-2b810552af3d,Lisa Frey,34.0,nathan53@smith-west.com,2024-01-08,126962.0,Engineering
5638,6ff5206c-5295-4fa3-ad54-1a4bb10612d9,David Leon,44.0,scottamber@collins-buchanan.net,2020-05-13,62757.0,Engineering
5648,365336b3-c538-4367-b979-552df6e3d193,Kenneth Yang,46.0,corey56@sutton.com,2022-10-06,90122.0,Marketing
5680,15acbf39-c18d-444f-ab8b-d50a2cbea227,Judith Liformer,54.0,eric69@petersen-dawson.info,2022-08-07,116529.0,Sales
5710,2c73284f-75f9-4eb3-8572-fdbd866266df,James Donaldson,38.0,lewisyvonne@daniels.biz,2021-01-09,62741.0,Sales
5728,76c8359c-957c-4d9b-9df1-d9b0aede9896,Jerry Smith,39.0,chelseabrewer@martin.biz,2021-12-19,118463.0,Sales
5733,5b590ba1-e5d1-4e12-a6af-dd38995dd7ee,Brian Compton,57.0,aliciapeters@smith.com,2021-09-19,56413.0,Sales
5740,b1a95a44-0382-4e2a-99c3-80a88c3a99d7,Jennifer Martinez,23.0,reyesanthony@huff.com,2021-01-06,84400.0,Sales
5748,8c15ceb3-fa99-4a13-816e-7a4bfd922e52,Katie Patterson,29.0,jason95@donovan-blanchard.biz,2021-03-11,119996.0,Sales
5765,32337d86-8393-426f-bf4d-dfb604b55e15,Michelle Kellyteam,57.0,jenniferrodriguez@ferguson-spencer.info,2022-10-07,141300.0,Marketing
5770,26148a39-38be-48f2-94dc-bf07b7377604,Joshua Mckinney,44.0,donna81@nguyen-ward.com,2020-12-10,112564.0,Sales
5836,ee188819-0e10-4818-b406-47deac664a15,Michael Collier,51.0,gillespieanthony@cruz-montgomery.com,2022-11-07,87270.0,Marketing
5856,02f0b09c-b3c3-423d-b228-0868f08df45a,Sarah Lester,42.0,valeriealexander@allison-anthony.biz,2020-01-14,37948.0,Support
5878,98e2adfc-b1bf-4433-844a-3c0b66f804e0,Jillian Spencer,36.0,amanda64@stephens-parsons.com,2021-12-06,72003.0,Marketing
5886,9b46d227-a05f-4255-bb04-b7959b64dcc5,Jessica Harrison,43.0,vrodriguez@gray.com,2020-01-05,65662.0,Engineering
5887,d4443758-96e5-409e-a39c-b5429608b943,Paula Newman,60.0,rachel11@williams-baldwin.com,2024-04-09,138996.0,Sales
5890,4182efcf-f050-4140-986a-d1f32673b022,Jason Warren,32.0,alexandracole@mosley.info,2020-01-10,37471.0,Support
5893,faa607cf-70f7-4bae-86d3-423c79bd9030,Gary Mckenzie,40.0,miranda19@simmons.com,2022-11-25,140881.0,Engineering
5901,76f702ce-cc7c-48ac-a2cd-cf2687d022c6,Brian Jarvis,38.0,sharris@stark-daniels.info,2020-03-11,123100.0,Support
5921,fe25d41f-7532-4ae3-bced-2b67bd91bdaf,Rebekah Smithrest,31.0,leegail@spears.com,2020-06-27,148123.0,Marketing
5926,ff226cad-a1e8-4868-8071-823f63efbb78,Amy Freeman,32.0,heidi13@levy.info,2023-10-15,94585.0,Marketing
5937,6fb67934-d921-4325-a6a7-70fca654d005,Andrea Davisvoice,41.0,christopherjohnson@elliott-glover.net,2020-08-09,99952.0,Marketing
5950,245e44b6-586e-4a1d-a86f-5009591b6dff,Alison Ochoa,56.0,kimhatfield@christian.com,2024-03-28,102674.0,Support
5957,1b36582c-399e-4440-8ce6-297238c85365,Nicholas Rice,54.0,zgentry@bryant-vaughn.com,2021-11-19,35957.0,Engineering
5962,2e3e4107-4f95-4631-970c-12f23dcfa067,Mariah Rogers,35.0,smithchelsea@li.biz,2020-06-21,69167.0,Support
5969,fe2232f2-969a-4a3a-b89b-a748f0bd4e91,Dean Cochranwhy,23.0,morrowamy@larson.org,2021-11-04,126625.0,Sales
5971,278ef19b-8819-46c2-828c-03b9c3fe908d,Aaron Williscollection,23.0,bclark@lara-rollins.com,2020-07-28,105961.0,Engineering
5979,8729811f-b4b4-44fb-be69-0e0c9121d35c,Elizabeth Foster,36.0,katrinagomez@castro.com,2021-12-08,118933.0,Sales
5986,8e1b44fd-dca9-43a9-91eb-eff14ca73856,William Brownproduct,38.0,qharris@mejia.com,2022-04-01,87314.0,Marketing
5998,436eff8c-1086-4672-8be1-873a50d72cd6,Michelle Villarreal,33.0,lwright@holder.com,2024-01-03,61427.0,Sales
6009,09e111f5-be6f-4ed8-947e-b62675bf4574,Tracy Schmidt,48.0,tinalawrence@parker.org,2020-10-24,90307.0,Sales
6023,70c697a3-a10f-40f6-80a2-4fc8d20192ac,Kelly Gentry,63.0,teresashah@smith.com,2021-11-24,136748.0,Marketing
6048,ea07b170-d40f-415d-89c2-380a56fd6df4,Alexander Bush,28.0,bradleybecker@french.org,2023-12-01,34264.0,Engineering
6053,15d83828-e0f4-4faa-ad3d-da949abc0452,Thomas Jones,49.0,diana99@holland.org,2020-04-25,132493.0,Engineering
6069,18234035-59c0-4216-94e6-f867bbf6b7d9,Jessica Thomas,56.0,mlopez@davis.com,2020-08-23,64052.0,Sales
6094,a679a162-7f7f-499e-b169-af1284c46304,Timothy Rodriguez,54.0,ericmoran@allison.com,2020-11-27,35916.0,Engineering
6103,2da5e606-71d8-4b85-ad3c-6ed4c3d7d432,Donna Myers,54.0,williamsthomas@harmon.com,2024-03-27,140211.0,Engineering
6110,25f4ea46-a65d-4c6d-8079-bf37945f2fc4,Patricia Hopkins,59.0,rodgerskelli@figueroa.com,2020-01-10,128647.0,Support
6116,c1020395-d40c-4f9c-83f5-8072f1225126,Mason Spencer,26.0,angela02@kidd-gonzalez.com,2022-01-06,102618.0,Support
6120,6e49cc79-95fa-4026-a287-754cac7dc207,Denise Sandovalview,35.0,dwilliams@hudson.com,2020-12-02,117576.0,Sales
6124,6ed43272-886c-4ac1-a569-774479063097,Brandon Day,18.0,jonescharles@doyle-sullivan.com,2020-01-23,56575.0,Sales
6132,6a5f5a9a-5cb6-4863-979b-4d9f193ed606,Michelle Shaw,56.0,david35@johns-stone.com,2021-11-15,44108.0,Engineering
6133,6d342dd2-0e92-4780-aa83-14830d544448,Brittney Horn,60.0,kingdanny@thomas.com,2021-03-17,69146.0,Support
6144,0fbf95c8-9c02-403a-94c0-1da8a340db9e,Sophia Robinsonresearch,47.0,cathygraham@arroyo.net,2022-10-14,138095.0,Sales
6146,fcc63a63-f4e8-471e-9d4d-533cda6935f5,Joseph Duffy,37.0,caseylambert@johnson.info,2023-07-08,45770.0,Marketing
6152,c62a36a8-22ea-4ec8-bece-b2fc3979620a,Zachary Weaver,54.0,uwatts@rose-singleton.com,2020-07-04,123374.0,Engineering
6153,fc9923a9-28f0-43ca-8916-e0f41ce6e4f9,Bethany Frazierserve,42.0,gouldjesse@pearson.com,2023-08-19,68162.0,Support
6164,c024b280-44ed-44d1-bfb6-69fe652e399d,Hannah Baird,43.0,daltontammy@montoya.com,2020-05-21,66631.0,Marketing
6168,13f0b7ab-fb3a-4816-82a1-fe9f7b44507a,Derrick Williams,53.0,eringraham@gilbert.com,2023-11-13,74478.0,Support
6179,9c0ec76a-91ea-4d83-b73c-c7e0492bf0b8,John Cook Mdneed,26.0,david82@perkins.com,2023-02-26,36713.0,Sales
6197,a0062a44-07c8-49dd-bf1d-eb7bf425e16a,Lori Wright,36.0,iking@white-randolph.com,2020-06-28,113174.0,Engineering
6228,a00912b2-d967-4d75-9612-677daaf3996d,Thomas Clark,44.0,kbell@roberts.net,2023-09-13,69340.0,Sales
6246,9518a812-fb51-4ddd-9533-fb5251b9f131,Virginia Adams,52.0,huffmanmark@rhodes.com,2023-01-13,127108.0,Sales
6260,b625289c-fc26-486c-8bf2-67e6439a9c28,Caitlin Stanton,27.0,xmorgan@henry.net,2024-01-04,119877.0,Marketing
6290,65bbaa2a-5de8-4dc6-b453-25dc7ed443ea,Tina Gamble,40.0,john05@stevens.org,2020-06-10,59477.0,Engineering
6331,afe965ed-ce62-4c6f-a102-d1d3b61e8262,Claire Lunajust,35.0,tracy36@brown.biz,2024-04-28,65066.0,Support
6378,d8699f71-b91f-4154-a1cb-b9ffaab122b4,Blake Buckley,50.0,racheljones@sullivan.com,2024-03-02,67100.0,Support
6396,883c1bb4-5562-4063-8868-5a525d24ed5b,Lawrence Murray,57.0,garciajohn@anthony.com,2023-03-19,121297.0,Sales
6409,9cc92372-d0f6-452f-a5a4-6e1cd5b5de8d,James Smith Md,56.0,benitezdanny@donovan-hays.com,2023-05-11,38817.0,Marketing
6414,9d0f262e-b872-4972-a2bd-c0083ec53d26,Cindy Bonilla,29.0,glasskristina@edwards.com,2020-01-23,87934.0,Marketing
6427,c60e9fcd-5a41-4506-90d9-9e8fb2975257,Jake Armstrongloss,54.0,kimberly92@king-thompson.biz,2023-11-09,100548.0,Support
6429,70871cba-0834-48b2-9ee0-8aae3c482c19,Bonnie Pham,19.0,alvaradoalexis@taylor.com,2023-01-02,101535.0,Sales
6440,cb79f082-c19e-45cc-85bd-c335412c67ca,Paula Aguirre,20.0,nicholas52@coleman.biz,2022-06-28,88297.0,Marketing
6459,9b13f42a-8d7f-415d-920f-d7d6f0adeb01,Carol Williamsuse,47.0,dawn45@richard.com,2022-05-09,122164.0,Engineering
6489,885ed8a2-a96d-4669-9792-5df0eb724e2b,Karen Lane,20.0,maryrogers@smith-white.net,2020-03-07,128205.0,Sales
6490,5d2a910b-d648-44a5-8d83-8e66b74455dd,Rachel Harris,35.0,melinda36@reeves.biz,2020-07-01,33945.0,Support
6501,82b05c2c-0127-44a0-a476-ce6677fb99f5,Tristan Davis,39.0,dylan96@murray.biz,2023-05-30,139429.0,Sales
6512,805756b0-7d82-4aee-bc59-78f5e9a35bc3,Erika Porter,54.0,ykim@hardin.com,2021-06-28,71903.0,Support
6542,bc4ae344-68e0-4339-afd6-f882ef7dfd12,David Campos,23.0,austinjohnson@cannon-rios.info,2020-02-01,79283.0,Support
6550,e5491b5e-f633-48fe-a146-52d9b4bacf74,Donald Gonzalez,50.0,rosedalton@allen.org,2021-10-12,91942.0,Support
6555,ba994b80-28b3-40c9-a175-fba0ccb32847,Bradley Burnsyeah,59.0,vbautista@long.com,2022-08-18,118250.0,Marketing
6559,b710920a-2bf5-4772-8a4c-9682b21f9254,Veronica Kempwhy,64.0,travis30@carter.com,2020-05-09,36952.0,Sales
6571,f59484ad-e89e-4596-a5fe-e89f4d5b7f59,Nicole Curtis,46.0,roger01@love.com,2023-11-30,51539.0,Support
6574,430b05bf-8235-4bb6-b072-ed0afe230d88,Andrew Watts,61.0,judithsmith@forbes-duncan.com,2024-05-11,69919.0,Sales
6584,d4b576d4-e1f9-47fb-b83e-984d5d79a944,Sarah Swanson,41.0,johnbailey@elliott.com,2022-06-11,117169.0,Marketing
6588,b4e1bbf2-9abe-4cca-896f-16f45c35e525,Carrie Keytoward,51.0,hhall@hall-stewart.com,2024-04-18,91302.0,Sales
6593,0ba3c1bb-438c-4341-a1e5-54ae2405d91d,William Mckinney,49.0,jose62@todd-king.net,2021-02-06,62912.0,Support
6601,dcfc5986-bfce-4a96-864d-96e5195f73c1,Timothy Skinnerstatement,58.0,vpeterson@chandler-elliott.org,2021-10-11,119153.0,Sales
6624,de007230-b4b8-41ed-953f-0fb855159ffd,Elizabeth Vang,40.0,audrey92@holt.com,2020-01-31,60058.0,Engineering
6639,757a5d16-ade6-4453-85f2-5816b7f79b4a,Beth Smith,63.0,reesesue@smith-hunt.org,2024-05-16,77693.0,Marketing
6640,282189c7-97e4-4935-8094-1c1ad00f1eb1,Dawn Tuckertop,28.0,nhensley@bryant.com,2021-03-08,102459.0,Support
6662,9be05701-a3ca-4396-a180-b40a788f3759,Kevin Gonzalez,54.0,ashleelane@mason.com,2022-12-20,133677.0,Sales
6680,e572a6bc-f604-49dc-b5e2-30b81eaeadb1,Aaron Hardin,57.0,simpsoncassandra@smith.info,2021-03-01,131588.0,Engineering
6694,8b55fdf3-5346-484b-b336-85a4770267ff,Nathan Ross,42.0,mstewart@petty.net,2024-02-08,100470.0,Engineering
6706,64501398-f97f-4843-86ae-97a13d856821,Billy Rodriguez,38.0,ngutierrez@kemp.com,2023-10-26,118044.0,Sales
6709,b91a0e1b-55c0-458c-b91b-18eeeea7d362,Miranda Page,32.0,uking@yu.info,2020-01-26,40874.0,Marketing
6751,a3f93f83-4389-47a6-b19c-48c553c775c1,Nicholas Brown,19.0,davidkelley@jones.com,2021-10-13,43203.0,Support
6757,5ce9fedf-4c80-4a4c-959f-b990651a723b,John Martinez,33.0,thomasstephanie@cruz-johnson.biz,2023-02-28,49269.0,Marketing
6761,229cf886-1e75-443a-bf05-17753c13377f,Grant Allen,50.0,sarahgarcia@coleman.org,2021-09-01,93772.0,Engineering
6789,b6c89265-6d3c-4d53-8d06-272b0e8f54e3,Eric Hawkins,43.0,joshuaward@hubbard-bauer.com,2022-02-18,121221.0,Sales
6804,ad7926c1-c80b-43a0-a160-6141f0218a68,Jaime Henderson,61.0,vasquezkimberly@phillips.com,2021-02-14,48055.0,Sales
6808,27dbbc10-4a7d-42d0-995a-d642b4255221,Larry Obrien,31.0,romeromaria@douglas-brown.com,2023-01-25,117909.0,Marketing
6810,2171c1ca-093d-4fdc-98f7-ce7eff62b2c7,Tracy Hardin,32.0,murphysteven@ryan.biz,2023-05-22,38392.0,Engineering
6825,670207a6-ba03-4367-a840-5b736c11b60a,Justin White,35.0,jesse76@white-martinez.com,2023-09-24,127919.0,Support
6826,98fdbba3-f878-4249-aaf5-16d3aee6eba8,Joshua Robertson,28.0,williamhendrix@mitchell.info,2021-05-27,134832.0,Marketing
6837,ead603fd-81a6-4b78-a449-c2cba4af7f9d,Christopher Williams,60.0,dpatterson@thomas.biz,2022-10-27,103853.0,Engineering
6839,362e7c8d-dbcd-458f-8fb4-4747dc6b488a,Leonard Bowen,54.0,beckerjennifer@rosales.net,2020-09-05,133201.0,Marketing
6850,bbdafe05-bcd7-4890-a700-399dd47f2a43,Beverly Russellissue,54.0,heatherneal@james.com,2023-01-08,49881.0,Engineering
6859,a4b0dd90-5140-448c-9b6f-c8bca24cf710,Jeffrey Mendez,34.0,wyattsarah@duncan-wagner.biz,2024-02-13,119730.0,Marketing
6879,abfee5e3-9c03-4195-9a0a-1a1ce8e1e6ab,Tammy Fergusonfood,59.0,adamsjason@roberts-yang.com,2021-04-18,99640.0,Marketing
6888,b40d516c-593d-4664-be66-a060c4859a09,Jeffrey Jordan,42.0,robert14@sanchez-pearson.com,2023-02-06,92565.0,Support
6899,4adc0381-3b48-448e-a26b-ed98a8597545,Emily Richards,21.0,ann79@nelson.com,2022-06-14,107692.0,Sales
6905,aa6a939b-cbd3-429c-9f0f-4eb5c3d8156d,Alan Pacheco,33.0,kellerstephen@dodson.biz,2020-08-23,50191.0,Sales
6908,16e28a7a-755b-45f9-ae82-aebb1f1bf959,Sarah Robinson,54.0,smithvictor@gonzalez.com,2022-04-08,61831.0,Engineering
6919,c951a3f6-8e07-4cd8-bc40-39b43618e91a,Kathryn Grant,21.0,bradleymcintosh@andrade.com,2021-07-08,143432.0,Marketing
6938,a74beca0-27fc-4f7d-8718-26c5beeffc8b,Emily Williamsresponse,26.0,brandon70@chapman.net,2023-02-20,86180.0,Sales
6948,6302fbb3-a991-42dd-85a7-467a1bebf141,Rebecca Schroederas,28.0,melissaguerrero@watson.com,2020-02-05,126270.0,Sales
6953,15503edf-977c-40a8-aa5b-92d6aecc3dea,Samantha Greenwithout,61.0,olivertodd@jones.info,2020-12-22,130796.0,Sales
6960,553d0f37-2e0e-43be-9efc-1f0e41dd47bc,Alexandria Hawkinsfactor,56.0,cisnerosjon@parsons.biz,2023-04-24,74206.0,Marketing
6983,ce462195-ed0b-4131-ab9c-7424d794cc03,Yvonne Morris,32.0,karenjuarez@martin-walter.com,2022-06-23,36384.0,Engineering
6995,13642e8d-418d-4c12-8e80-3cd5303dd490,Erica Morris,36.0,lewischristopher@liu-wong.com,2022-11-11,103023.0,Marketing
7003,dc6f3f80-8fd7-444a-bb53-3529d5263611,Taylor Marsh,29.0,sierra60@jenkins.info,2022-04-26,140559.0,Marketing
7006,18832ce2-b57a-40f5-bba6-5a1afba34457,Alexa Jones,54.0,lynn12@cooper-jackson.com,2023-09-04,134772.0,Sales
7021,784f3333-d189-4ac1-8014-bd0fd392d1d6,Jose Trandirection,51.0,zmcguire@valdez-scott.org,2021-12-13,132404.0,Engineering
7032,3e9a03e9-1a4a-4694-b68d-4c76322039c4,Gloria Penafive,21.0,edward67@mccormick.com,2023-11-09,139736.0,Marketing
7043,d5fa4d3d-3925-4ade-a8ae-0b47416fb130,Carolyn Young,41.0,mitchellpeterson@anderson-rogers.info,2020-03-18,128980.0,Engineering
7051,06a2a1f4-b034-4961-a97c-d1454965baa8,Jonathan Nelsonpick,36.0,robertsaaron@mclaughlin.com,2024-03-14,47787.0,Sales
7062,0eaedbb6-e199-46a2-8b9c-28975b71aefc,Jennifer Jacobs,33.0,zedwards@chen.info,2022-01-02,56068.0,Support
7080,e328d5b6-2fec-4538-b4bf-058a3038a9bb,Valerie Burchto,36.0,dianarodgers@howard-sanchez.com,2020-09-25,106075.0,Marketing
7083,97ac6922-8637-491a-a113-c3e5295b1907,Charles Brooks,64.0,erica28@brown.com,2020-10-21,78123.0,Marketing
7086,0093ebe5-6af6-43f6-8cb3-2e8980d81e4a,Shannon Johnson,64.0,mschultz@horne-robles.com,2022-04-19,56941.0,Engineering
7096,4453f87e-3296-464d-b9de-b477cf535b50,John Hansen,21.0,carterrenee@garcia.com,2024-04-03,54030.0,Marketing
7104,9c1bb0a9-1097-41ca-a55b-21d18ab671f0,Jeffery Shepard,25.0,adrienne82@cox.com,2023-05-20,114636.0,Engineering
7107,fc25a38a-5747-46eb-b6d3-7173f8255809,Caroline Ochoa,53.0,cdavis@hodges.com,2023-08-10,149224.0,Support
7114,542ae1fa-bea6-4340-9de3-b30214ab5035,David Vang,63.0,jonesalisha@wang.com,2020-11-12,106693.0,Sales
7172,b4bc27ea-0469-49b0-9751-68261ba631d0,Ronald Longspeech,51.0,johnbutler@collins.com,2021-07-19,37490.0,Engineering
7191,ec3f0c5c-4c43-4808-b35c-5a490e466012,William Ruizcan,46.0,peter05@jenkins.net,2022-08-12,113339.0,Engineering
7216,08bd55d0-3c0b-4657-99ea-2a5ec6419853,Jake Thomas,54.0,millersarah@montoya.com,2023-10-20,40222.0,Support
7221,733e05b0-6518-42f9-9eac-91d08bca8655,Sarah Gibson,46.0,qadams@drake.com,2022-07-08,131546.0,Support
7222,e87065bf-4272-416f-8d8f-a6dd2079c70f,Laura Bailey,43.0,mharmon@horne-hernandez.com,2020-01-31,90385.0,Support
7236,432d56af-118b-4628-9e5f-118a89c63218,Vanessa Rodriguezinto,22.0,wlambert@frazier-johnson.com,2021-12-09,76419.0,Sales
7247,d9886772-a6ce-436b-8f04-7b6c6e0b5096,Michael Barron,24.0,awallace@massey.org,2023-02-07,77708.0,Marketing
7264,8855c067-ed3b-4752-9ee5-cda7bf9b344f,Patricia Harmonarrive,61.0,mark51@foster-vasquez.com,2020-08-24,78447.0,Marketing
7302,70020ea2-f44f-4f0d-b454-6cb202222100,Casey Fritz,63.0,carol00@hanson.net,2022-01-28,54467.0,Support
7324,2f06afa5-d7d0-429c-a8a9-7670bbbe4247,Derek Navarro,43.0,lewisbeth@tucker.com,2023-08-04,59724.0,Marketing
7337,208966eb-9d22-4dc6-a75f-053c1c73eb13,Thomas King,45.0,kristiscott@oliver-everett.org,2023-08-22,123629.0,Support
7348,92ee296b-1bf7-4cb8-8d18-8c89a1316e1b,Melissa Moody,43.0,adamsjanice@leonard.info,2021-07-09,99852.0,Engineering
7375,3ebb3302-16bf-4c2d-b719-df54ea26319d,Kathleen Jefferson,59.0,salazarcameron@johnson.com,2022-09-30,103530.0,Engineering
7386,3d151662-bc9b-486d-9b4f-974cc1b320fb,Heather Lloydanimal,44.0,atate@kennedy-lewis.com,2021-06-16,93026.0,Sales
7422,a8032deb-95dd-48a8-a45c-99f1f4ecb72f,Patrick Lee,29.0,william89@madden-rivera.com,2021-10-15,48375.0,Marketing
7423,bfbce84c-94ff-48a6-89c7-de6b976312da,Derek Dunnthan,20.0,crystal41@horton.com,2020-01-22,96066.0,Support
7448,cf089b8b-57f1-489a-ba1c-3cd98fef308a,Suzanne Henderson,37.0,qdickerson@prince-morris.com,2020-04-29,48798.0,Marketing
7467,578e4fb4-3225-4056-95a7-f3b369258613,Michael Baker,26.0,bfranklin@griffin.com,2021-05-26,111216.0,Support
7475,c19e4f0d-7de2-4de4-88f9-f09c5152cf46,Juan Bowman,53.0,bradbryant@smith.com,2022-02-04,73402.0,Engineering
7499,3c96e51c-80e1-4169-999e-da99cb2e6d3c,Judy Olsen,54.0,lopezmegan@davis.com,2020-06-19,113285.0,Sales
7521,74aa32c4-8bba-4627-bbee-866eec791f47,Steven Jones,53.0,derekdavis@marquez.com,2023-05-12,139563.0,Sales
7525,0170ea9c-9919-4c8b-a8b0-fbb2fc1893fb,Valerie Wilkerson,24.0,mgarcia@thompson.com,2020-02-10,106528.0,Marketing
7529,76fc86f9-c52a-42b6-8c95-426886895ce6,Amber Munoz,21.0,michael06@rodriguez.net,2022-07-01,122913.0,Support
7530,803d948e-c44c-42ad-95d7-ac0038026add,Vincent Mcbride,57.0,flowersjessica@davis.biz,2020-02-22,79267.0,Support
7538,ca500adb-5aee-4fee-a54d-190bfe0e43f4,Tricia Phillips,48.0,kjones@buchanan-long.com,2024-05-29,61001.0,Sales
7541,60ac94e8-bf32-4add-9d71-eb676ddcf139,Alicia Cox,59.0,jordanbrandon@tyler.com,2021-09-21,89033.0,Engineering
7564,5bc0fc6a-1f38-484d-9426-8a537d08979b,Justin Black,21.0,matthewstravis@sanchez.com,2024-03-04,121484.0,Marketing
7565,15df2a08-6e75-45b7-b816-9b169019a6e3,Jason Walker,45.0,williamselizabeth@peters.net,2021-05-19,50243.0,Sales
7592,03848bbd-9501-4acb-94dd-9284a3f43953,Donald Hill,33.0,dakotasmith@garrett-johnson.info,2023-05-02,138912.0,Support
7608,5d929e8e-b290-4f7a-a631-c3fa02d00684,Keith Phillips Ii,23.0,crystal69@mayo.com,2023-05-18,32000.0,Sales
7616,72e70ca8-1b9c-4073-92ba-109c4754d65f,Shannon James,54.0,jason48@pittman-burton.com,2022-07-14,46277.0,Sales
7648,783b36b4-d09f-46c9-8a52-7ff96b80863e,Bonnie Benitez,37.0,roypark@warren.net,2020-10-09,115983.0,Support
7662,e6045439-5709-4fc5-a7a2-a5b9b4eae305,Julie Fowler,54.0,middletonshawn@juarez.net,2022-08-24,128749.0,Engineering
7669,c8aa1e91-d712-4397-87a3-1a93230b66e0,Shawn Lamb,32.0,robert72@williams.org,2023-09-21,119479.0,Engineering
7675,6b1d779f-4dc5-463a-bd8a-2bd61a14c71a,Amanda Smith,28.0,bassgary@kim-hall.com,2020-09-18,143766.0,Sales
7676,d31a9179-1d75-4c1d-98e3-b7084a4c93ca,Tammy Weaver,61.0,murrayjacqueline@lopez.net,2020-09-24,118456.0,Sales
7681,415bb1c8-725b-4d60-9dad-090b0c43ed84,Bradley Singleton,29.0,james93@rogers.com,2020-06-30,100065.0,Engineering
7686,a01b9c69-7252-494f-9962-572cb095b8c4,Latoya Moranuntil,27.0,danielsanders@zamora.com,2023-11-14,89111.0,Marketing
7696,27fdcf3f-393b-409c-91ca-df65fe128490,Lori Walton,54.0,monica80@tran.net,2021-06-02,135971.0,Sales
7713,f2191373-d705-44ef-bda3-050ca1b39b0a,Leah Garcia,54.0,heatherayala@burns.net,2020-08-04,37102.0,Support
7724,b3db849f-43ed-477b-b031-03da81f089fe,Dean Caseydiscuss,37.0,lozanokristi@ellis.biz,2020-07-02,77425.0,Support
7739,98cb6d38-f6c1-4e63-9111-a66449378201,David Johnson,61.0,villegasashley@nelson.com,2022-01-24,106082.0,Sales
7746,24e798be-8506-4827-827b-e0e64788af02,Sheila Youngappear,54.0,nielsenkevin@johnson-perkins.net,2024-01-04,104083.0,Sales
7748,bbfba64d-9b5c-48df-8e72-ffe2d04e4051,James Burkeemployee,41.0,anewton@fields.org,2022-07-23,39126.0,Sales
7756,51bf49aa-a71d-4161-b682-e1f3a33a6a6e,Benjamin Johnson,60.0,elizabethgray@clements.com,2020-09-17,125324.0,Support
7762,039fee9d-b66b-4b1b-8641-eda9f9d4a685,Diane Ford,64.0,parksamanda@park.org,2024-01-17,108045.0,Marketing
7775,9a68baeb-8254-42b1-a83b-85deb7526f02,David Hunter,22.0,ophillips@smith.net,2023-12-07,66134.0,Sales
7795,7072e4a3-79ff-4bb5-85ef-20a1919e3a38,Barry Arellano,47.0,sgonzales@cox.com,2022-06-15,110303.0,Engineering
7798,8f584a1f-aa4f-406f-8bf7-9ede782e55f7,Timothy Miranda,24.0,valerielambert@nguyen-day.org,2021-09-29,84934.0,Support
7809,d199054e-258c-4d63-a946-103d6b1aeb0b,Holly Fields Dds,26.0,kayla89@mclaughlin.com,2022-08-18,68339.0,Support
7823,5dcdb625-de4c-493c-b817-0090e7aee92c,Laura Smith,51.0,perezcasey@bush-rich.com,2020-10-05,117914.0,Support
7832,4cb5ac1a-c820-4166-bacc-71376471c71d,Amanda Cohen,54.0,rivascalvin@lopez.net,2022-09-27,143547.0,Engineering
7843,cd3df543-3b9d-42ea-ad39-95705409a13b,Alyssa Myersreally,42.0,weavererin@ponce.org,2024-02-23,42118.0,Sales
7850,2f6a836e-d2c1-4fdf-a06b-baf7e8ded494,Martha Jimenezown,50.0,shane21@lyons.com,2022-12-02,46579.0,Marketing
7862,8bbd943b-3412-4344-a870-dd9c53c53211,Stephen Bates,20.0,hcastro@henry-juarez.com,2023-01-20,110442.0,Marketing
7888,f8781b28-1619-4541-ba56-a21b8ca3672a,Judy Johnson,20.0,huangstacy@clark.com,2022-08-07,50621.0,Engineering
7894,85f916d8-91bd-4a8b-9f49-bf6af09e54ab,Stephanie Jacobsonfederal,37.0,rileysara@hayes-gomez.com,2022-03-22,37592.0,Support
7896,af24b46b-9c3b-4c01-8c01-cf82792d63cd,Bernard Johnson Phdwear,38.0,brenda48@scott.info,2021-06-16,67326.0,Marketing
7908,cd8eb554-facf-4193-90ef-86a04a718e95,Taylor Clark,35.0,nphillips@lopez.com,2020-06-21,98551.0,Sales
7913,1bd218bc-1dff-4f75-b3c0-de0963332bfb,Brittany Fisher,40.0,charles18@monroe.com,2021-09-28,46884.0,Support
7928,369bc595-e504-4172-8d42-b21b421fd8d3,Ashley Gayhappen,64.0,lwood@hernandez.org,2020-05-11,102691.0,Sales
8035,9fca2765-af2c-4d93-bb32-f553fee6a3e6,Susan Hayes,53.0,travis90@morris.com,2021-11-10,81307.0,Engineering
8049,e288e5e3-a435-4a86-839a-1224826b735e,Angela Bailey Dds,54.0,nguyenjohn@davis.com,2020-10-05,40799.0,Sales
8069,4ea226a4-decf-454b-91f1-5d243db7fe61,James Barber,54.0,ucarter@mitchell.com,2021-11-09,109383.0,Engineering
8070,42f9c9b2-3a80-4292-8d72-6b82c5cf9132,Jared Harrison,38.0,garyroberts@rivera.com,2023-01-11,92463.0,Engineering
8079,e7a33427-6322-4297-aa79-67f2ae4c6a4b,Jordan Tyler,50.0,thomas22@flores.com,2021-01-07,53700.0,Support
8090,819bff29-2955-49cc-9c16-40d4b7364093,Marcus Davis,54.0,edwardmontes@castaneda.com,2021-10-14,87125.0,Engineering
8098,ea565cd1-90b0-4c99-8ca0-521e17a8a9ab,Tiffany Kelly,62.0,michael77@vance.com,2021-11-18,90489.0,Marketing
8111,a1f4a258-c020-4efd-913a-158d09858893,Cody Wilson,60.0,ryantate@harris.com,2022-10-05,137801.0,Sales
8113,ad6895c6-3298-435b-b436-1f7eec7bbfb8,James Coleman,26.0,fowens@sutton-ortiz.com,2022-07-16,118184.0,Engineering
8125,a1d18df7-4ec3-4036-9e86-c63f089c7e5c,Crystal Charles,44.0,ydavis@jacobs-evans.biz,2020-09-05,106344.0,Sales
8133,e26e67cd-8877-4940-85d7-0f9f452a145e,Michelle Walsh,26.0,vweaver@miller-parker.com,2021-12-12,58056.0,Sales
8137,ca604b1b-0e59-4519-892a-7f02a3da41b9,Jacqueline Taylor,34.0,cody68@dodson.com,2024-01-07,36595.0,Engineering
8148,c6361e9d-c458-4ddc-9727-434aa0d9361d,Victor Stantonmedical,31.0,justin28@garcia.com,2022-08-02,133000.0,Marketing
8161,6505d554-4bf9-48dd-990e-17c2c17ce13f,Jennifer Collins,58.0,jessicahuff@washington.org,2023-07-12,75940.0,Marketing
8175,d89e24f4-fae8-48f9-aecc-79b259231097,Jennifer Prestondirection,20.0,sawyeredward@lowe.com,2022-06-11,76047.0,Sales
8176,6787f813-fae4-4764-a346-8eab3837d4c8,Timothy Brucedifferent,43.0,qtaylor@roberts.net,2023-06-07,142834.0,Marketing
8188,5860f684-2c95-4c47-9180-5c2b34da0303,Jon Fleming,21.0,joshua64@garrett.org,2023-09-19,143297.0,Marketing
8193,ced0de47-8bc0-4612-b325-f2e09ef5aa87,Caitlin Edwardsweight,64.0,fieldsandrew@phillips.net,2024-04-19,30680.0,Marketing
8201,cda94328-904e-421e-b848-88d3512924d4,Kevin Jones,48.0,joshua64@wilson.com,2022-12-08,81501.0,Sales
8203,6ed5b193-dc64-4693-9a02-04ce7eb36425,Daniel Bailey,18.0,darren20@richards.com,2021-05-15,84108.0,Support
8215,f3709c4b-038b-45e2-b153-a865ed034e62,John Whitney,45.0,wendy59@cooper-chapman.com,2020-09-13,140217.0,Sales
8220,edaef756-e02e-49cf-8078-748914734a64,John James,20.0,cynthia32@landry.com,2021-10-10,66558.0,Engineering
8221,44f02cd2-309d-4635-afc6-bd782d05a599,Edward Jackson,46.0,jessicathomas@martin.org,2022-08-26,143589.0,Engineering
8246,4e3f99da-6e46-4ab7-885d-4a9c5267edcb,Allison Sullivan,26.0,bwang@williams-jensen.com,2020-03-21,119052.0,Engineering
8252,b592193b-7861-4d2a-924c-365af86f5503,Jamie Pattersonjoin,47.0,deborahmontes@taylor.com,2021-02-02,97908.0,Sales
8262,d57242f1-099a-440b-b0ed-a83e5e5fb998,Jack Jones,54.0,austinoliver@simpson.com,2020-08-12,91071.0,Support
8306,9b0a3c56-7778-4fba-a1e4-0bcc59921904,Pam Smith,61.0,matthew61@parrish.info,2023-08-09,31170.0,Sales
8313,5ba00cd8-49eb-4771-9608-507e9412d5a5,Brandon Oconnell,28.0,hermanchristine@edwards.info,2022-12-01,144728.0,Marketing
8315,43182725-fbf0-4c8b-b876-650a072215fd,Ana Mcclurebreak,27.0,susan81@castro-powell.com,2022-05-15,144129.0,Engineering
8316,3a4d5d57-3791-4796-865a-eeb17d770fba,Logan Bauer,43.0,christianvang@craig.com,2020-07-17,31265.0,Engineering
8332,9a9f7b0b-55a9-40ff-865c-67eadc30bc14,Tiffany Daygovernment,19.0,thenry@edwards-lee.org,2021-04-13,145907.0,Marketing
8341,64ab4a7f-a5e2-47f3-bd4c-2feb065d3c03,Laura Vega,36.0,johnsonalexandra@young-cervantes.com,2021-02-24,97083.0,Engineering
8347,63f2dbd1-d7a3-45a2-acbf-d98a2078ee3b,Stephanie Olson,62.0,elizabeth85@james-james.com,2022-02-21,76554.0,Support
8348,f305215e-3dc8-40e3-9342-7415a1de98ed,Michael Ortiz,56.0,ustewart@shaw-lewis.com,2021-02-20,131571.0,Sales
8370,6f562021-3a10-44a1-a7b3-a92dfbf199bc,Rachel Stone,44.0,brianyoung@collins.com,2023-09-04,113509.0,Support
8380,1067842c-a5b1-4a46-b4ca-192af8384700,Jimmy Mason,38.0,pamela26@klein-gonzalez.org,2020-06-30,110884.0,Marketing
8399,a490f08b-00c2-4785-85eb-75ceb5a32265,Katrina Shepherd,60.0,clarkjose@sexton.biz,2021-09-18,48373.0,Support
8401,f3247025-7af6-48c8-91fa-ae1e800d832b,Casey Medina,49.0,delgadoalexis@wheeler.com,2021-08-09,44169.0,Marketing
8407,cb7925d5-552c-4ef4-bf01-53ac4685cc27,Lisa Miller,43.0,kevin48@baxter.com,2022-01-24,135848.0,Support
8417,a2089fe8-b9b0-4758-98ef-8c5aba6ae23d,Elizabeth Patel,29.0,stephanie19@meyer.com,2023-05-24,78484.0,Engineering
8421,c4dc37ea-93c4-4066-9f30-84162958ae65,Jean Kelley,47.0,iwilson@mitchell.org,2022-10-12,99390.0,Support
8425,6dc126d6-1e84-4198-9d99-cc8122a679d2,Cathy Lyonsseem,21.0,inelson@swanson-miles.info,2023-11-17,122116.0,Marketing
8465,c92e5f36-5c5a-4b4b-83d5-d8839605d2ff,Amanda Burnshappen,25.0,john72@schroeder.com,2022-05-30,112194.0,Marketing
8491,b4e0f765-50f3-4cd4-994c-e1c11139b68a,Mark Brown,25.0,davisdavid@garza.com,2022-02-15,140935.0,Engineering
8507,c1839512-7f5e-4ca4-8c99-effc9034137a,Amanda Fordbillion,35.0,david35@love.com,2022-09-12,91102.0,Engineering
8508,5cce8e00-ac3e-47bc-8363-0249ff8eebe0,Mark Alvarez,52.0,holly06@farmer-warren.net,2020-07-20,133613.0,Sales
8510,634bd06e-eae6-4294-aaaf-8de12fbd095e,Christopher Thompson,65.0,ssanchez@burgess.com,2021-06-14,40739.0,Sales
8517,6a2d5e0a-9c40-4a7f-acce-30615e96b347,Nicholas Mann,20.0,fgonzalez@watkins.org,2022-09-07,82759.0,Engineering
8531,1a0e417d-200f-44fe-8ea7-8132caae7f55,Elizabeth Newman,54.0,svazquez@gilmore-wilcox.com,2020-04-06,124703.0,Marketing
8545,b20c6f10-f040-422b-884c-cbab073da9db,Marcus Smith,56.0,juliewatson@barnett-castaneda.com,2024-04-29,110190.0,Sales
8553,084b97d4-a596-48d9-be5b-b410c53d6872,Vincent Burns,50.0,ejohnson@gonzalez-grant.com,2020-12-19,90305.0,Sales
8555,1d11decc-b221-4c68-80f7-92b877189376,Jonathon Day,54.0,juliebates@powell.com,2020-07-25,67735.0,Support
8595,6adb503f-5d72-4f4e-853c-c99460925c95,Thomas Gibson,59.0,dowens@mills-richardson.info,2021-05-19,77164.0,Sales
8675,c8f1d3cc-7ff6-4ad5-ad55-be131e9f1833,Megan Dean,21.0,richardsonjessica@dawson-baldwin.org,2021-03-09,31872.0,Sales
8704,c13cf138-08df-4d24-bd10-6c64a3fa1a05,Shelley Davis,23.0,patriciavega@melton.info,2023-10-11,96868.0,Marketing
8708,b3129449-8627-481d-a302-133ef2a741e9,Pamela Shelton,37.0,kevinmahoney@brandt.info,2020-11-29,50495.0,Engineering
8718,1064738a-0b24-43b5-bf59-83cccb0f1dbc,Kimberly Cruz,21.0,jenniferhayes@dougherty.com,2023-06-17,42009.0,Marketing
8747,e4925713-c2a2-4cd4-bf3c-46ceb73c995b,Heather Duncan,59.0,schmidtlarry@moore.info,2020-10-05,142016.0,Sales
8764,28987fd1-fe0a-4155-bd2f-b78f1f45638b,Linda Smith,62.0,jackson96@smith.com,2023-08-01,140929.0,Engineering
8767,f558613e-6044-4496-bc8c-8062b958c919,Jesus Parks,21.0,nicole33@cruz-cortez.com,2020-07-17,138746.0,Support
8771,4b3acb08-21c3-4f10-8ab4-ed07c9bb246a,Randall Bradford,41.0,heidivasquez@torres-delgado.com,2023-12-18,105301.0,Sales
8790,1c003308-33a7-4c7c-9c4d-b62ec7610eef,Stephen Macias,36.0,nmcdowell@guzman.com,2023-12-08,109937.0,Engineering
8793,8dd31a55-0488-4419-9e3b-0ba52f7f79ea,Blake Frazier,59.0,jeffrey06@gallegos-harris.com,2021-03-20,34885.0,Engineering
8794,6cfbc873-8362-4ebd-9c81-ed418f8d93be,Nathan Schwartz,22.0,qbryant@phillips.net,2021-08-14,58010.0,Sales
8796,312e198c-a7ca-4395-97ec-30ddb036f19f,William Colon,52.0,omcdonald@ballard-russell.com,2022-06-18,88564.0,Sales
8810,c12e2684-d0b4-4934-8f38-38a06f03402e,Elizabeth Martinez,45.0,daniel42@mendoza-montgomery.com,2023-05-09,81320.0,Marketing
8823,527fa394-c577-49e4-b76f-2fd289f10809,Megan Wells,18.0,awilliams@thomas.biz,2023-01-01,136333.0,Engineering
8825,59299edf-c984-4db5-a7f7-66a67c0213ca,Jennifer Chambers,52.0,ddixon@waller-moran.com,2023-08-26,65964.0,Marketing
8826,780de9c6-6ab6-4796-a593-7164c4edb5ae,Erika Cartercampaign,50.0,chasejackson@hess.info,2021-06-08,139306.0,Marketing
8829,803f3f66-cbad-49d7-a961-7b4980e09d4c,Logan Watts,21.0,fostercharlotte@evans.org,2024-05-12,102972.0,Support
8836,9e0e2cfc-e779-4dec-bdff-7bd935a10d53,Tina Monroe,25.0,robertsonanthony@sampson.com,2021-05-11,83091.0,Support
8863,f23aa878-758c-491c-8be0-3d7453de4cc6,Jason Higgins,46.0,robert21@bauer.info,2021-11-17,45475.0,Marketing
8865,a139cc71-1dcb-40ac-ba98-7e4f281bbb19,David Gray,44.0,justinmoody@edwards.info,2023-08-23,116826.0,Engineering
8867,55eee59f-37e7-470e-9966-c65338d6b1f0,Courtney Bauer Md,54.0,stephendavidson@smith-williamson.info,2023-06-19,110487.0,Engineering
8880,236697e1-cf2e-45b6-b570-9c2de2f5894c,Eric Ross,54.0,carneyrebecca@huber.com,2020-04-29,89276.0,Engineering
8890,f4ebd54b-2726-4dc3-b0fd-96989eb274cf,Ronald Foster,64.0,megan09@barber-davis.com,2022-02-12,58252.0,Support
8909,0fe41f04-723f-4f5f-b151-8ead56ed0e57,Cindy Hunterfine,54.0,oscott@stewart.com,2020-10-26,136660.0,Engineering
8919,a4bf02fa-d108-445c-b2a1-beae67866f11,James Price,25.0,josejones@johnson-johnson.com,2021-06-17,66701.0,Support
8922,194203fe-06e4-4a12-9758-fd768f33270c,Courtney Keyissue,49.0,kimcourtney@moore-gonzalez.com,2023-12-05,113483.0,Sales
8924,9d956693-05ee-4f90-a0b8-9363e8545045,Breanna Ramirez,41.0,taylorbrandon@campbell.com,2020-05-06,66466.0,Sales
8952,8f870329-7f93-4da4-9b82-7f6d72659e6b,Michael Barrettdifferent,43.0,yclarke@mccarthy.com,2021-09-22,96488.0,Engineering
8957,d2bad5f0-cbb7-4326-a41e-d2d0763f9f54,Valerie Hessresult,24.0,lpittman@banks.com,2024-01-02,77844.0,Engineering
8975,1e19b9af-5134-4d2f-ac74-fac01c7c2759,Tammy Davis,57.0,igibbs@spears.org,2024-03-31,64573.0,Sales
8976,b3f5997b-bda4-4a1d-bba9-61fd9a2ad33d,Regina Jackson,29.0,kimberlysherman@martin.com,2022-07-24,59417.0,Sales
9051,0cf19049-b043-47fb-83ec-d744b7287603,Tammie Richardson Mdability,34.0,hudsonconnor@cook.net,2022-04-05,55460.0,Marketing
9052,02e6a79a-aac0-40aa-954b-532fcfa5f22b,James Martinez,28.0,devon28@williamson-west.info,2022-11-04,141345.0,Marketing
9058,fa29b581-10b9-49fe-9e9a-94a4198bc07f,Joshua Huang,60.0,ypark@adams.org,2023-12-19,68946.0,Marketing
9060,68d3b83f-71d5-4375-92f6-d4f6fa927bdf,Veronica Bailey,46.0,jefferydixon@cooper.biz,2023-10-09,126107.0,Engineering
9063,0f1ac219-bdee-4e6d-87e8-2bce16aeae22,Melinda Kanereveal,54.0,hoffmantim@adams-williams.com,2023-01-17,87351.0,Marketing
9077,b844c304-b2e6-43cc-b762-fbc2038555c3,Cindy Kim,54.0,ckidd@francis.info,2021-04-22,90510.0,Engineering
9108,67bfa4cf-a51d-4f1f-973a-df05d2097bf2,Angela Murphy,21.0,sherry60@ibarra.com,2022-11-01,38088.0,Sales
9113,9b49590d-1afd-4f98-a4d8-a2ad6715767a,Rodney Jones,44.0,reiddaniel@ruiz.com,2022-01-25,52995.0,Marketing
9120,0715b259-2475-4e6b-bb2d-1b8a731286bd,Daniel Wilsonquite,64.0,vgonzalez@bowers-mitchell.com,2021-04-21,34389.0,Marketing
9125,4c03def9-d37c-43d9-a665-db6acfa35c37,Whitney Robinsonseem,55.0,dgarza@brown-dawson.com,2024-02-15,45248.0,Engineering
9127,0be56431-ca2f-4497-b173-39e6fb30779e,Andrew Hansen,46.0,joshua60@simon.com,2020-11-12,142788.0,Sales
9151,481d35a0-0326-4b43-8207-a7b8bd05e9ff,Gregory Gonzalez,39.0,jonesdavid@johnson-brown.com,2023-12-12,44722.0,Marketing
9159,0d75e4db-3788-4792-aaea-e2ed4752ba64,Haley Chambers,43.0,iaustin@wallace.com,2021-10-18,51470.0,Engineering
9198,4749bcac-2fce-4bb9-b1b0-2cee731cc662,Teresa Pope Md,58.0,bshepherd@odonnell.biz,2023-02-24,90408.0,Sales
9202,e65184f3-47fd-4fe7-9f3c-97e334786680,Nicole Gonzales,53.0,amy78@doyle-wheeler.biz,2022-04-06,136708.0,Support
9208,0f9d2d3a-f696-4153-9a10-04836727108e,Laura Gonzales,27.0,myersnicholas@leblanc.com,2023-10-26,89882.0,Marketing
9216,19e3600f-a0e4-4e7a-b968-abaae179a8ec,Gary Duncan,55.0,john35@tucker-elliott.biz,2022-04-17,146549.0,Engineering
9217,47a89fb7-17a6-4702-b961-9757f14cd022,Cynthia Cervantes,20.0,njohnston@taylor.info,2022-04-18,79901.0,Support
9249,ae6cc079-c9b6-4b1d-a6e1-0eb58347aab5,Michael Tateitself,40.0,schneiderelizabeth@reid.com,2021-09-19,74585.0,Engineering
9251,afc9ccab-44b4-4256-b873-f35dc91eb930,Jay Diazelection,55.0,sararobinson@johnson-figueroa.com,2023-11-24,56716.0,Engineering
9253,d3cc2f20-5f39-4595-b75d-6dae1a62b16a,Regina Hicks,23.0,mjames@hampton.org,2021-08-17,138103.0,Engineering
9255,fc042de7-864c-4784-b1db-7852f16615a5,Elizabeth Campbellmeet,50.0,karennichols@bailey.info,2023-05-25,66691.0,Sales
9266,b2c0c4c0-4e21-47dd-91ae-7fdbc665abfe,Michael Coleman,31.0,amy54@lynch-griffin.com,2020-08-01,128185.0,Support
9271,ce7277b3-cbf7-4ecd-aae0-bb5cecf54efa,Wayne French,32.0,dustinbarker@allen-wilson.info,2020-01-25,52704.0,Sales
9276,6fd06231-219b-4d9e-ad81-2a0c9ab0ea50,Justin Rodriguezoption,44.0,ewilliams@sawyer.com,2022-07-07,92168.0,Sales
9315,a9ac1bb6-5c61-4e94-ab14-2da7dfd85499,Jennifer Black,29.0,andrew72@knight.com,2021-02-20,66558.0,Engineering
9317,d8c341aa-c936-4e33-bed6-c6efb307ded5,Devin Foxit,47.0,ricky06@graham.com,2021-09-12,143164.0,Engineering
9346,3a97dbb2-e401-4126-8160-704c4b91e4ac,Jody Johnson,49.0,cody01@davis.info,2022-08-16,52399.0,Engineering
9357,44450fbb-f7cc-4157-9082-72cea0174f7e,Hannah Fletcher,54.0,kdavis@little-reed.info,2020-01-20,130837.0,Engineering
9365,6cc8f3ee-1fb0-4b11-828f-ec12a28d2041,Kimberly Navarro,40.0,csoto@larson.info,2021-09-13,41737.0,Support
9374,876d30c9-4011-4c97-897d-3ca6cfcd22a3,Elizabeth Smith,41.0,kirk83@gomez.com,2021-07-15,139060.0,Marketing
9393,515c1b57-562b-4d3f-b548-fc9ac7cd878e,Elizabeth Myers,39.0,erinjohnson@johnson.com,2022-02-19,87696.0,Sales
9400,2b3696cf-3f89-41c3-9aa3-87518ff13a3c,Regina Greene,21.0,ggordon@ali-mitchell.net,2022-06-26,87967.0,Engineering
9454,c2175a6f-42e3-48f3-8ab9-e92dfa55272d,Jasmine Chandler,43.0,tina53@wong.com,2020-06-07,98194.0,Marketing
9455,7cf2fa04-8fde-4a24-b61a-7b4a8d28906c,Nancy Russell,57.0,lewisleah@hudson.com,2021-11-26,53675.0,Marketing
9459,1d3fa074-6fa5-4594-a9db-f4dffa49b73a,Jenna Flores,43.0,anthony92@shields.org,2020-09-24,81252.0,Engineering
9474,073afe5c-fd76-4f1c-9e6a-833f6e5d21c9,Angel Garcia,30.0,pmeadows@fuller-cox.com,2022-07-19,85583.0,Sales
9479,387fa98d-ef89-488f-98e1-68a76b42bf83,Dominique Nelson,33.0,travis88@gallegos.com,2023-11-26,62145.0,Engineering
9502,5b4681af-a6b2-46cb-bced-04c866c8d215,Jonathan Sanchez,37.0,justinsantiago@moore.com,2022-11-18,138787.0,Marketing
9553,0849f9ce-21b4-46de-be66-ab1021e6fc2c,Kyle Cook,50.0,henrysarah@hanson-allen.com,2020-03-13,146734.0,Marketing
9569,e9012ba2-f5ae-4791-a636-62453b114aed,Kim Russell,41.0,owensanthony@taylor-brown.com,2020-08-11,67976.0,Sales
9574,f308b0b6-44e1-48e6-bf60-e8fefbe41303,Kendra Hogan,60.0,burnsdavid@king.info,2020-02-07,75078.0,Sales
9590,cb46ea39-78b2-4d5a-a427-7ca37681107e,Aaron Long,42.0,faulknerrebecca@bush.net,2020-09-20,92138.0,Marketing
9596,eb8f938a-73b8-439a-b57f-c7505ca0375b,Emily Grant,30.0,ricestephen@fischer-nguyen.com,2021-09-21,44341.0,Marketing
9615,2d4a2bb3-208b-47c5-a87b-4b090b954812,Michael Livingston,46.0,tiffanybeltran@matthews-conway.com,2021-07-18,144047.0,Support
9621,de459fa8-12b0-47d9-b9fa-99dd379b6b65,Natalie Morgan,30.0,ann41@torres.com,2020-04-10,93917.0,Sales
9657,bdc715c4-8216-445b-a771-aaf1ea7c0c28,Dean Vaughan,41.0,morganrodriguez@miller.com,2020-05-12,61357.0,Marketing
9661,bfd984d2-fc5d-4325-86d0-833589864ef8,Madison Davis,52.0,krystalaustin@hale.com,2023-12-18,121145.0,Marketing
9667,2061f096-a11b-4c65-8f9f-33b326b22a9e,Aaron Padilla,46.0,cherryaudrey@wheeler.net,2020-03-09,44771.0,Support
9668,fec6bd61-f0ce-42af-80ce-c99780072f81,Bernard Ashleykey,37.0,cameronmitchell@nelson.com,2021-06-10,51234.0,Support
9674,25e06497-7689-4f79-be4b-be17ee6766f7,David Robinson,22.0,jonesdanny@chambers.biz,2020-09-07,146838.0,Support
9690,37f76b23-2934-4cab-a7ed-9a8a354675c4,Craig Lopez,56.0,rebecca46@hale.com,2023-10-22,121413.0,Support
9692,a9fa643f-2a6a-4730-85ea-375e5ba9df9f,Lisa Miranda,43.0,leepaul@case-caldwell.com,2023-04-09,98379.0,Engineering
9742,b0709a96-d5fe-43cb-82fb-289d6093587c,Cassandra Campbellcar,49.0,clinesusan@raymond.com,2020-03-10,54706.0,Engineering
9743,b74ab816-7015-4050-bcdc-f19fc5479fd1,Caitlin Ryan,42.0,garciadavid@payne.com,2023-09-16,83923.0,Engineering
9750,dfef85a6-4557-4686-9765-905f9448e99e,William Millerconference,27.0,kenneth94@cook.net,2020-08-25,137216.0,Sales
9765,6dc52560-a328-476a-bc70-6268b284ac3e,Jack Barnesparent,44.0,guerrerorhonda@larson-fuller.biz,2020-08-21,88789.0,Support
9780,9a702029-3a96-43b8-938c-a62314ba183c,Kim Santos,54.0,bestjulie@ramirez.com,2021-04-27,112208.0,Sales
9787,cb22240e-ed36-4341-857d-5559530900ea,Teresa Ramirezlike,54.0,lindsey52@solis-moore.com,2024-03-04,78254.0,Engineering
9795,84feb099-d7f6-46a0-bfe4-d303362488a1,Darren Perry,57.0,dylanmcdonald@haynes-atkinson.com,2021-07-18,99625.0,Marketing
9812,4995f206-ddd5-4020-b283-3e3e1f2d2389,William Woodelse,57.0,renee78@james.com,2020-09-10,32369.0,Marketing
9818,047ac564-0657-4d33-9708-392dd4a098c2,Nicole Wardsomeone,34.0,tony03@hernandez-ware.com,2023-06-25,110962.0,Sales
9820,0c6f904d-4e2f-4a5e-bf22-5bcf361fddb2,Tammy Randolphbetter,59.0,david18@michael-bradley.com,2022-08-27,103354.0,Engineering
9826,93cf24d7-45b3-47ea-ae23-1facbd986ce2,Michael Martinprove,44.0,yanganthony@brown.info,2021-12-26,101830.0,Support
9832,3343360b-2090-43d0-ae1c-4a16ccfe115a,William Leetrade,52.0,ruthcabrera@salazar-lee.biz,2023-07-10,115566.0,Engineering
9837,963d4283-6107-4f0f-98c1-6a7b39655370,William Krause,54.0,qwhite@guerrero-drake.com,2024-05-03,125289.0,Support
9850,da1d9a58-4528-47c5-8c47-e5eb7a7d7f29,Elizabeth Miranda,29.0,simpsoncarly@price-doyle.com,2022-12-03,136713.0,Engineering
9859,2b89ffff-50b9-490d-b446-758ad1867a85,Monica Ruiz,42.0,derekrobinson@leblanc-hess.com,2024-02-20,104147.0,Marketing
9915,2203a3ee-c8b0-42d0-a7d1-4d7c568f0f6f,Gary Jordan Md,54.0,washingtonrobert@miller-bass.com,2023-06-16,69806.0,Marketing
9924,9f5c9dba-bac6-4917-a1bd-ce4199affa1a,David Chandler,30.0,brandonwarner@schneider.com,2021-07-28,93382.0,Marketing
9938,d4654701-08c8-495e-9419-24644ef557f4,Jake Hines,51.0,georgepowers@jenkins.info,2021-09-11,122458.0,Sales
9950,36c71c05-c0c0-4dea-a8af-0487dc86c280,Thomas Perez,65.0,xwhite@boone.com,2021-05-14,112846.0,Engineering
9952,245ee4b2-01c7-4873-8f10-672ac51cd842,Barbara Wrightlead,30.0,thompsonlisa@olson.net,2020-10-20,31055.0,Engineering
9983,36d2b083-4b0c-41c3-9502-14607a895ec4,Todd Armstrong,23.0,chadhunt@hobbs-walters.com,2024-05-18,32842.0,Support
